date,adj_close
2008-06-26,25.5308
2008-06-27,25.4508
2008-06-30,25.4908
2008-07-01,25.0508
2008-07-02,24.3308
2008-07-03,24.4608
2008-07-07,24.3608
2008-07-08,24.4508
2008-07-09,23.8908
2008-07-10,23.8108
2008-07-11,23.6008
2008-07-14,23.4408
2008-07-15,22.7108
2008-07-16,23.6708
2008-07-17,24.2808
2008-07-18,24.2308
2008-07-21,24.3808
2008-07-22,24.6508
2008-07-23,25.0308
2008-07-24,23.9508
2008-07-25,24.1608
2008-07-28,23.3908
2008-07-29,23.8508
2008-07-30,24.6508
2008-07-31,24.1608
2008-08-01,23.8808
2008-08-04,23.1808
2008-08-05,24.3408
2008-08-06,24.6608
2008-08-07,23.5508
2008-08-08,24.1808
2008-08-11,24.4708
2008-08-12,23.8008
2008-08-13,23.2708
2008-08-14,23.4808
2008-08-15,23.4408
2008-08-18,22.6508
2008-08-19,22.2508
2008-08-20,22.6708
2008-08-21,23.0308
2008-08-22,23.2808
2008-08-25,22.4108
2008-08-26,22.6508
2008-08-27,22.7108
2008-08-28,23.7008
2008-08-29,23.2708
2008-09-02,21.9508
2008-09-03,22.1108
2008-09-04,20.4108
2008-09-05,20.1208
2008-09-08,21.3708
2008-09-09,20.2408
2008-09-10,20.6008
2008-09-11,20.5708
2008-09-12,21.0708
2008-09-15,19.2208
2008-09-16,19.9408
2008-09-17,17.5608
2008-09-18,19.7508
2008-09-19,22.3608
2008-09-22,20.6808
2008-09-23,20.9708
2008-09-24,19.5508
2008-09-25,20.7908
2008-09-26,21.2208
2008-09-29,18.3508
2008-09-30,18.9608
2008-10-01,18.3308
2008-10-02,16.0508
2008-10-03,15.7008
2008-10-06,13.8008
2008-10-07,12.0608
2008-10-08,11.5008
2008-10-09,9.8008
2008-10-10,8.7308
2008-10-13,13.1408
2008-10-14,13.9308
2008-10-15,9.3208
2008-10-16,10.1108
2008-10-17,9.7808
2008-10-20,12.1508
2008-10-21,9.9108
2008-10-22,7.4208
2008-10-23,7.3508
2008-10-24,7.1208
2008-10-27,5.3808
2008-10-28,7.1508
2008-10-29,9.4508
2008-10-30,9.7408
2008-10-31,9.7408
2008-11-03,9.7608
2008-11-04,11.5808
2008-11-05,9.7108
2008-11-06,7.7208
2008-11-07,9.2708
2008-11-10,8.9608
2008-11-11,7.6508
2008-11-12,6.2008
2008-11-13,8.4608
2008-11-14,6.5208
2008-11-17,6.2608
2008-11-18,6.4808
2008-11-19,4.4608
2008-11-20,2.5708
2008-11-21,4.6608
2008-11-24,6.1508
2008-11-25,6.4608
2008-11-26,7.2008
2008-11-28,7.4408
2008-12-01,4.8508
2008-12-02,6.2308
2008-12-03,6.8408
2008-12-04,5.6908
2008-12-05,6.6408
2008-12-08,7.9108
2008-12-09,7.4508
2008-12-10,8.0908
2008-12-11,7.6108
2008-12-12,7.9008
2008-12-15,7.6508
2008-12-16,9.3808
2008-12-17,9.2208
2008-12-18,8.1908
2008-12-19,8.0708
2008-12-22,7.7208
2008-12-23,7.4308
2008-12-24,7.4308
2008-12-26,7.7008
2008-12-29,7.6808
2008-12-30,8.5108
2008-12-31,8.9308
2009-01-02,9.8208
2009-01-05,9.9208
2009-01-06,9.8008
2009-01-07,9.0508
2009-01-08,8.9408
2009-01-09,8.1408
2009-01-12,7.3208
2009-01-13,7.0508
2009-01-14,5.9608
2009-01-15,6.3108
2009-01-16,6.6808
2009-01-20,4.4208
2009-01-21,5.9508
2009-01-22,5.3708
2009-01-23,5.4108
2009-01-26,5.6108
2009-01-27,6.1808
2009-01-28,7.1108
2009-01-29,5.7808
2009-01-30,5.3508
2009-02-02,5.3008
2009-02-03,5.8808
2009-02-04,5.6708
2009-02-05,6.9708
2009-02-06,7.1508
2009-02-09,7.0608
2009-02-10,5.6108
2009-02-11,5.8208
2009-02-12,5.7508
2009-02-13,5.6408
2009-02-17,4.0508
2009-02-18,3.8808
2009-02-19,3.8008
2009-02-20,2.9508
2009-02-23,2.5208
2009-02-24,3.5608
2009-02-25,3.1608
2009-02-26,2.9708
2009-02-27,2.5508
2009-03-02,1.1908
2009-03-03,0.9808
2009-03-04,2.0408
2009-03-05,0.9708
2009-03-06,0.8808
2009-03-09,0.4508
2009-03-10,2.1908
2009-03-11,2.2108
2009-03-12,3.1808
2009-03-13,3.9508
2009-03-16,3.3408
2009-03-17,4.1508
2009-03-18,4.8108
2009-03-19,4.6608
2009-03-20,4.1408
2009-03-23,6.3208
2009-03-24,5.4508
2009-03-25,5.8608
2009-03-26,6.3708
2009-03-27,5.5308
2009-03-30,4.3108
2009-03-31,4.9008
2009-04-01,5.5108
2009-04-02,6.7608
2009-04-03,6.9008
2009-04-06,6.5808
2009-04-07,5.8808
2009-04-08,6.3508
2009-04-09,7.4108
2009-04-13,7.6008
2009-04-14,7.1708
2009-04-15,7.5508
2009-04-16,7.9208
2009-04-17,7.8608
2009-04-20,6.4008
2009-04-21,7.0808
2009-04-22,6.9008
2009-04-23,7.5508
2009-04-24,7.9008
2009-04-27,7.5408
2009-04-28,7.2808
2009-04-29,8.1008
2009-04-30,8.3908
2009-05-01,8.7708
2009-05-04,10.0308
2009-05-05,9.8308
2009-05-06,10.3708
2009-05-07,9.9808
2009-05-08,11.1908
2009-05-11,10.1708
2009-05-12,10.3608
2009-05-13,9.3608
2009-05-14,9.6108
2009-05-15,9.4308
2009-05-18,10.7308
2009-05-19,10.8708
2009-05-20,10.8508
2009-05-21,10.5308
2009-05-22,10.6508
2009-05-26,11.3708
2009-05-27,10.7708
2009-05-28,11.3308
2009-05-29,11.8308
2009-06-01,12.8908
2009-06-02,12.8308
2009-06-03,12.0608
2009-06-04,12.4108
2009-06-05,12.2308
2009-06-08,12.0608
2009-06-09,12.3808
2009-06-10,12.2708
2009-06-11,12.8208
2009-06-12,12.7208
2009-06-15,11.6008
2009-06-16,11.1208
2009-06-17,10.9708
2009-06-18,11.0508
2009-06-19,11.1508
2009-06-22,10.0708
2009-06-23,10.4408
2009-06-24,10.7608
2009-06-25,11.5008
2009-06-26,11.5208
2009-06-29,11.8108
2009-06-30,11.2108
2009-07-01,11.8408
2009-07-02,10.7808
2009-07-06,10.7308
2009-07-07,10.0308
2009-07-08,9.9408
2009-07-09,10.2408
2009-07-10,10.0808
2009-07-13,10.7408
2009-07-14,10.9708
2009-07-15,12.1708
2009-07-16,12.3408
2009-07-17,12.4208
2009-07-20,13.1108
2009-07-21,13.1108
2009-07-22,13.2208
2009-07-23,14.0508
2009-07-24,14.1508
2009-07-27,14.2908
2009-07-28,14.1308
2009-07-29,13.7208
2009-07-30,14.4908
2009-07-31,14.7808
2009-08-03,15.6208
2009-08-04,15.4908
2009-08-05,15.4508
2009-08-06,15.1908
2009-08-07,15.4708
2009-08-10,15.2208
2009-08-11,14.8008
2009-08-12,15.2308
2009-08-13,15.7208
2009-08-14,15.3108
2009-08-17,14.1408
2009-08-18,14.6608
2009-08-19,14.8208
2009-08-20,15.2708
2009-08-21,16.0708
2009-08-24,16.1208
2009-08-25,16.2308
2009-08-26,16.1008
2009-08-27,16.2208
2009-08-28,16.2108
2009-08-31,15.8208
2009-09-01,14.9508
2009-09-02,15.0208
2009-09-03,15.4508
2009-09-04,15.9508
2009-09-08,16.6808
2009-09-09,17.0508
2009-09-10,17.4808
2009-09-11,17.4308
2009-09-14,17.5608
2009-09-15,17.7408
2009-09-16,18.4608
2009-09-17,18.3908
2009-09-18,18.4108
2009-09-21,18.0608
2009-09-22,18.6608
2009-09-23,18.1208
2009-09-24,17.5008
2009-09-25,17.4008
2009-09-28,18.0208
2009-09-29,17.9608
2009-09-30,17.9108
2009-10-01,16.8208
2009-10-02,16.6208
2009-10-05,17.1808
2009-10-06,17.6908
2009-10-07,17.8908
2009-10-08,18.4708
2009-10-09,18.5308
2009-10-12,18.7508
2009-10-13,18.6608
2009-10-14,19.6608
2009-10-15,19.7108
2009-10-16,19.2108
2009-10-19,19.8208
2009-10-20,19.3708
2009-10-21,19.2008
2009-10-22,19.6408
2009-10-23,19.0408
2009-10-26,18.4608
2009-10-27,18.1008
2009-10-28,16.9208
2009-10-29,18.3508
2009-10-30,16.8508
2009-11-02,17.1208
2009-11-03,17.2108
2009-11-04,17.4808
2009-11-05,18.1608
2009-11-06,18.1608
2009-11-09,19.4208
2009-11-10,19.3408
2009-11-11,19.6008
2009-11-12,18.9708
2009-11-13,19.4108
2009-11-16,20.0908
2009-11-17,19.9908
2009-11-18,20.3608
2009-11-19,19.2708
2009-11-20,18.9808
2009-11-23,19.7008
2009-11-24,19.4608
2009-11-25,19.9808
2009-11-27,18.8408
2009-11-30,19.0308
2009-12-01,19.9408
2009-12-02,20.0208
2009-12-03,19.7208
2009-12-04,19.8008
2009-12-07,19.5708
2009-12-08,18.9908
2009-12-09,19.0708
2009-12-10,19.2708
2009-12-11,19.3408
2009-12-14,19.6808
2009-12-15,19.3508
2009-12-16,19.6108
2009-12-17,18.7508
2009-12-18,18.9508
2009-12-21,19.1808
2009-12-22,19.4308
2009-12-23,19.6708
2009-12-24,19.2708
2009-12-28,19.3708
2009-12-29,19.3508
2009-12-30,19.2608
2009-12-31,19.0408
2010-01-04,20.0508
2010-01-05,20.1808
2010-01-06,20.4008
2010-01-07,20.2308
2010-01-08,20.5208
2010-01-11,20.6608
2010-01-12,20.1608
2010-01-13,20.5008
2010-01-14,20.6208
2010-01-15,20.1308
2010-01-19,20.6508
2010-01-20,19.7608
2010-01-21,18.7908
2010-01-22,17.9108
2010-01-25,18.2308
2010-01-26,18.0208
2010-01-27,17.8708
2010-01-28,17.2508
2010-01-29,16.8408
2010-02-01,17.6708
2010-02-02,18.3108
2010-02-03,17.9508
2010-02-04,16.4608
2010-02-05,16.1108
2010-02-08,15.8508
2010-02-09,16.7108
2010-02-10,16.4908
2010-02-11,17.0208
2010-02-12,16.7708
2010-02-16,17.6108
2010-02-17,17.7708
2010-02-18,18.0108
2010-02-19,17.9108
2010-02-22,17.9508
2010-02-23,17.1908
2010-02-24,17.5408
2010-02-25,17.4508
2010-02-26,17.6908
2010-03-01,18.0608
2010-03-02,18.4208
2010-03-03,18.5608
2010-03-04,18.6408
2010-03-05,19.4008
2010-03-08,19.4508
2010-03-09,19.4508
2010-03-10,19.6508
2010-03-11,19.7308
2010-03-12,19.8108
2010-03-15,19.6308
2010-03-16,20.1208
2010-03-17,20.3108
2010-03-18,20.1408
2010-03-19,19.8108
2010-03-22,19.9308
2010-03-23,20.3208
2010-03-24,19.9608
2010-03-25,19.8208
2010-03-26,19.9908
2010-03-29,20.4008
2010-03-30,20.5108
2010-03-31,20.4708
2010-04-01,21.0208
2010-04-05,21.3608
2010-04-06,21.3708
2010-04-07,21.0208
2010-04-08,21.0908
2010-04-09,21.5308
2010-04-12,21.6208
2010-04-13,21.5808
2010-04-14,22.1308
2010-04-15,22.0808
2010-04-16,21.1808
2010-04-19,21.1308
2010-04-20,21.4708
2010-04-21,21.3108
2010-04-22,21.1708
2010-04-23,21.5408
2010-04-26,21.4608
2010-04-27,20.0508
2010-04-28,20.1208
2010-04-29,20.8608
2010-04-30,20.2708
2010-05-03,20.6808
2010-05-04,19.1808
2010-05-05,18.6208
2010-05-06,16.9808
2010-05-07,16.6808
2010-05-10,19.0008
2010-05-11,18.4808
2010-05-12,19.0008
2010-05-13,18.5208
2010-05-14,17.5208
2010-05-17,17.6008
2010-05-18,16.9008
2010-05-19,16.6308
2010-05-20,15.0908
2010-05-21,15.9508
2010-05-24,15.3408
2010-05-25,15.0708
2010-05-26,14.8308
2010-05-27,16.6508
2010-05-28,15.8908
2010-06-01,15.4008
2010-06-02,16.5108
2010-06-03,16.5508
2010-06-04,15.0208
2010-06-07,14.5408
2010-06-08,15.0908
2010-06-09,14.9908
2010-06-10,16.2308
2010-06-11,16.4008
2010-06-14,16.3808
2010-06-15,17.6008
2010-06-16,17.4908
2010-06-17,17.5108
2010-06-18,17.5608
2010-06-21,17.6508
2010-06-22,16.9808
2010-06-23,17.0408
2010-06-24,16.3108
2010-06-25,16.5808
2010-06-28,16.3808
2010-06-29,15.0608
2010-06-30,14.7708
2010-07-01,14.8808
2010-07-02,14.8308
2010-07-06,15.3308
2010-07-07,16.5008
2010-07-08,16.8408
2010-07-09,17.1208
2010-07-12,16.9408
2010-07-13,17.6108
2010-07-14,17.6208
2010-07-15,17.6808
2010-07-16,16.4608
2010-07-19,16.7308
2010-07-20,17.2108
2010-07-21,16.6208
2010-07-22,17.7408
2010-07-23,18.1108
2010-07-26,18.4308
2010-07-27,18.4608
2010-07-28,18.2708
2010-07-29,18.2608
2010-07-30,18.3408
2010-08-02,19.5008
2010-08-03,19.2808
2010-08-04,19.4808
2010-08-05,19.4508
2010-08-06,19.3408
2010-08-09,19.5208
2010-08-10,19.2208
2010-08-11,17.6808
2010-08-12,17.5408
2010-08-13,17.4108
2010-08-16,17.5808
2010-08-17,18.1708
2010-08-18,18.2308
2010-08-19,17.5808
2010-08-20,17.3208
2010-08-23,17.1508
2010-08-24,16.5108
2010-08-25,16.5808
2010-08-26,16.4008
2010-08-27,17.2108
2010-08-30,16.6008
2010-08-31,16.6508
2010-09-01,17.9608
2010-09-02,18.2308
2010-09-03,18.7108
2010-09-07,18.2208
2010-09-08,18.5508
2010-09-09,18.8308
2010-09-10,19.0108
2010-09-13,19.6808
2010-09-14,19.8108
2010-09-15,19.8508
2010-09-16,19.7408
2010-09-17,19.6208
2010-09-20,20.2908
2010-09-21,20.2608
2010-09-22,20.2108
2010-09-23,19.7508
2010-09-24,20.7908
2010-09-27,20.6208
2010-09-28,20.9008
2010-09-29,20.8608
2010-09-30,20.7408
2010-10-01,21.1108
2010-10-04,20.7008
2010-10-05,21.7508
2010-10-06,21.8508
2010-10-07,21.7408
2010-10-08,22.0108
2010-10-11,21.9708
2010-10-12,22.0308
2010-10-13,22.5308
2010-10-14,22.5508
2010-10-15,22.5108
2010-10-18,22.6208
2010-10-19,21.6308
2010-10-20,22.3908
2010-10-21,22.3308
2010-10-22,22.4308
2010-10-25,22.6408
2010-10-26,22.4508
2010-10-27,22.0908
2010-10-28,22.3908
2010-10-29,22.4408
2010-11-01,22.4108
2010-11-02,22.9708
2010-11-03,23.2208
2010-11-04,24.2208
2010-11-05,24.2108
2010-11-08,24.0508
2010-11-09,23.6208
2010-11-10,23.7308
2010-11-11,23.5208
2010-11-12,22.8908
2010-11-15,22.8508
2010-11-16,21.9008
2010-11-17,22.0308
2010-11-18,22.9708
2010-11-19,22.9708
2010-11-22,22.8008
2010-11-23,21.6908
2010-11-24,22.4008
2010-11-26,21.8808
2010-11-29,21.6308
2010-11-30,21.2108
2010-12-01,22.3708
2010-12-02,23.2208
2010-12-03,23.4508
2010-12-06,23.3208
2010-12-07,23.2708
2010-12-08,23.3508
2010-12-09,23.4808
2010-12-10,23.6808
2010-12-13,23.9908
2010-12-14,24.0508
2010-12-15,23.5908
2010-12-16,23.8608
2010-12-17,23.7208
2010-12-20,23.7808
2010-12-21,24.1908
2010-12-22,23.4008
2010-12-23,23.3108
2010-12-27,23.3408
2010-12-28,23.3108
2010-12-29,23.6408
2010-12-30,23.6008
2010-12-31,23.7508
2011-01-03,24.1808
2011-01-04,24.1008
2011-01-05,24.1208
2011-01-06,23.7808
2011-01-07,23.6208
2011-01-10,23.4208
2011-01-11,23.8408
2011-01-12,24.5708
2011-01-13,24.5408
2011-01-14,24.8308
2011-01-18,24.9808
2011-01-19,24.5508
2011-01-20,24.2908
2011-01-21,24.4108
2011-01-24,24.7308
2011-01-25,24.5908
2011-01-26,24.8908
2011-01-27,25.0408
2011-01-28,23.9708
2011-01-31,24.4208
2011-02-01,25.3608
2011-02-02,25.2508
2011-02-03,25.3108
2011-02-04,25.3708
2011-02-07,25.5008
2011-02-08,25.7508
2011-02-09,25.4308
2011-02-10,25.1608
2011-02-11,25.4508
2011-02-14,25.5708
2011-02-15,25.4608
2011-02-16,25.8308
2011-02-17,26.1108
2011-02-18,26.2708
2011-02-22,24.9908
2011-02-23,24.8508
2011-02-24,24.9208
2011-02-25,25.4408
2011-02-28,25.8408
2011-03-01,25.1708
2011-03-02,25.4408
2011-03-03,26.1908
2011-03-04,25.8108
2011-03-07,25.4608
2011-03-08,25.7308
2011-03-09,25.6508
2011-03-10,24.5208
2011-03-11,24.7008
2011-03-14,24.2808
2011-03-15,23.4008
2011-03-16,22.3008
2011-03-17,23.3308
2011-03-18,23.7108
2011-03-21,24.6608
2011-03-22,24.5608
2011-03-23,24.6308
2011-03-24,25.2608
2011-03-25,25.1708
2011-03-28,25.0308
2011-03-29,25.3808
2011-03-30,25.8708
2011-03-31,25.8108
2011-04-01,26.2208
2011-04-04,26.3008
2011-04-05,26.3008
2011-04-06,26.5508
2011-04-07,26.3808
2011-04-08,26.4308
2011-04-11,26.2808
2011-04-12,25.7708
2011-04-13,25.8508
2011-04-14,26.0208
2011-04-15,26.0408
2011-04-18,25.1708
2011-04-19,25.6108
2011-04-20,26.5608
2011-04-21,26.9108
2011-04-25,26.8608
2011-04-26,27.2108
2011-04-27,27.6408
2011-04-28,27.7608
2011-04-29,27.9808
2011-05-02,27.8308
2011-05-03,27.4408
2011-05-04,26.9408
2011-05-05,26.2208
2011-05-06,26.4508
2011-05-09,26.7208
2011-05-10,27.2708
2011-05-11,26.3708
2011-05-12,26.4108
2011-05-13,25.8208
2011-05-16,25.6508
2011-05-17,25.8008
2011-05-18,26.2308
2011-05-19,26.3408
2011-05-20,25.8108
2011-05-23,24.9508
2011-05-24,25.1108
2011-05-25,25.3908
2011-05-26,25.7508
2011-05-27,26.0808
2011-05-31,26.8008
2011-06-01,25.7308
2011-06-02,25.7908
2011-06-03,25.6308
2011-06-06,24.9508
2011-06-07,25.1708
2011-06-08,24.8708
2011-06-09,25.2708
2011-06-10,24.2808
2011-06-13,24.3808
2011-06-14,25.1208
2011-06-15,23.8908
2011-06-16,23.7208
2011-06-17,24.0208
2011-06-20,24.0608
2011-06-21,24.9308
2011-06-22,24.6008
2011-06-23,24.3408
2011-06-24,23.8508
2011-06-27,24.2408
2011-06-28,24.9008
2011-06-29,25.5308
2011-06-30,26.1208
2011-07-01,26.6908
2011-07-05,26.5808
2011-07-06,26.4408
2011-07-07,26.9208
2011-07-08,26.4208
2011-07-11,25.2408
2011-07-12,24.8708
2011-07-13,25.3608
2011-07-14,24.9908
2011-07-15,25.2908
2011-07-18,24.6708
2011-07-19,25.4808
2011-07-20,25.7908
2011-07-21,26.6008
2011-07-22,26.6108
2011-07-25,26.2208
2011-07-26,26.3008
2011-07-27,25.2108
2011-07-28,25.1308
2011-07-29,25.0408
2011-08-01,24.6708
2011-08-02,23.4508
2011-08-03,23.6408
2011-08-04,20.8208
2011-08-05,21.0108
2011-08-08,17.6908
2011-08-09,20.0408
2011-08-10,17.8908
2011-08-11,19.9208
2011-08-12,20.3208
2011-08-15,21.3108
2011-08-16,20.8408
2011-08-17,21.0408
2011-08-18,19.0308
2011-08-19,18.3808
2011-08-22,18.4108
2011-08-23,19.8808
2011-08-24,20.0808
2011-08-25,19.1408
2011-08-26,19.8208
2011-08-29,21.0108
2011-08-30,21.0608
2011-08-31,21.4808
2011-09-01,21.1608
2011-09-02,20.0608
2011-09-06,19.2608
2011-09-07,20.4608
2011-09-08,19.7608
2011-09-09,18.4908
2011-09-12,18.4408
2011-09-13,18.8408
2011-09-14,19.3208
2011-09-15,20.0508
2011-09-16,20.1508
2011-09-19,19.3008
2011-09-20,19.2908
2011-09-21,17.9608
2011-09-22,16.2108
2011-09-23,16.5808
2011-09-26,17.4408
2011-09-27,18.2408
2011-09-28,17.3208
2011-09-29,17.9008
2011-09-30,16.6008
2011-10-03,15.5808
2011-10-04,16.3608
2011-10-05,17.1108
2011-10-06,18.1108
2011-10-07,17.7508
2011-10-10,19.3008
2011-10-11,19.1308
2011-10-12,19.9808
2011-10-13,19.7408
2011-10-14,20.4808
2011-10-17,19.4008
2011-10-18,20.2508
2011-10-19,19.5908
2011-10-20,19.5308
2011-10-21,20.5708
2011-10-24,21.2508
2011-10-25,20.4408
2011-10-26,21.0708
2011-10-27,23.0608
2011-10-28,22.9108
2011-10-31,21.1808
2011-11-01,19.8808
2011-11-02,20.6608
2011-11-03,21.5708
2011-11-04,21.1908
2011-11-07,21.4008
2011-11-08,21.9608
2011-11-09,19.8408
2011-11-10,20.3008
2011-11-11,21.2808
2011-11-14,20.6008
2011-11-15,20.6208
2011-11-16,19.9408
2011-11-17,19.2208
2011-11-18,19.2608
2011-11-21,18.2708
2011-11-22,18.2108
2011-11-23,17.1008
2011-11-25,16.9708
2011-11-28,18.5108
2011-11-29,18.6608
2011-11-30,20.6208
2011-12-01,20.4208
2011-12-02,20.4008
2011-12-05,20.9308
2011-12-06,20.8208
2011-12-07,20.9708
2011-12-08,19.7508
2011-12-09,20.5708
2011-12-12,19.5308
2011-12-13,19.0708
2011-12-14,18.5408
2011-12-15,18.7008
2011-12-16,18.7708
2011-12-19,18.2508
2011-12-20,19.6108
2011-12-21,18.4908
2011-12-22,18.9808
2011-12-23,19.2408
2011-12-27,19.1808
2011-12-28,18.5308
2011-12-29,19.0308
2011-12-30,19.1308
2012-01-03,19.9408
2012-01-04,19.9408
2012-01-05,19.7108
2012-01-06,19.3808
2012-01-09,19.5308
2012-01-10,20.2008
2012-01-11,20.1408
2012-01-12,20.2808
2012-01-13,19.8908
2012-01-17,20.2608
2012-01-18,20.8508
2012-01-19,21.2508
2012-01-20,21.3508
2012-01-23,21.4008
2012-01-24,21.2308
2012-01-25,21.7808
2012-01-26,21.6108
2012-01-27,21.6708
2012-01-30,21.3908
2012-01-31,21.4908
2012-02-01,22.1208
2012-02-02,22.3008
2012-02-03,22.9508
2012-02-06,22.8308
2012-02-07,22.9908
2012-02-08,23.1708
2012-02-09,23.2308
2012-02-10,22.6008
2012-02-13,23.0108
2012-02-14,22.8208
2012-02-15,22.7308
2012-02-16,23.3708
2012-02-17,23.5008
2012-02-21,23.5208
2012-02-22,23.3808
2012-02-23,23.5508
2012-02-24,23.8208
2012-02-27,23.7008
2012-02-28,23.9708
2012-02-29,23.6608
2012-03-01,24.1208
2012-03-02,23.7708
2012-03-05,23.4708
2012-03-06,22.3008
2012-03-07,22.8108
2012-03-08,23.5908
2012-03-09,23.5508
2012-03-12,23.4708
2012-03-13,24.3108
2012-03-14,24.1308
2012-03-15,24.4208
2012-03-16,24.5808
2012-03-19,24.7208
2012-03-20,24.3408
2012-03-21,24.2508
2012-03-22,23.6808
2012-03-23,24.0508
2012-03-26,24.7608
2012-03-27,24.4708
2012-03-28,24.1108
2012-03-29,24.0308
2012-03-30,24.2208
2012-04-02,24.7208
2012-04-03,24.2608
2012-04-04,23.5208
2012-04-05,23.4208
2012-04-09,23.0108
2012-04-10,22.0708
2012-04-11,22.6008
2012-04-12,23.4108
2012-04-13,22.6308
2012-04-16,22.7908
2012-04-17,23.5108
2012-04-18,23.2208
2012-04-19,23.0108
2012-04-20,23.1608
2012-04-23,22.5508
2012-04-24,22.7208
2012-04-25,23.3508
2012-04-26,23.7508
2012-04-27,23.8508
2012-04-30,23.6508
2012-05-01,23.8908
2012-05-02,23.7108
2012-05-03,23.3108
2012-05-04,22.4708
2012-05-07,22.6708
2012-05-08,22.2008
2012-05-09,21.7608
2012-05-10,21.8808
2012-05-11,21.7308
2012-05-14,20.9808
2012-05-15,20.6008
2012-05-16,20.2508
2012-05-17,19.6408
2012-05-18,19.2708
2012-05-21,20.0808
2012-05-22,20.0008
2012-05-23,19.8508
2012-05-24,19.7208
2012-05-25,19.6308
2012-05-29,20.2308
2012-05-30,19.3608
2012-05-31,19.3908
2012-06-01,18.4008
2012-06-04,18.5108
2012-06-05,18.7308
2012-06-06,19.9008
2012-06-07,19.9008
2012-06-08,19.9608
2012-06-11,19.3908
2012-06-12,20.0308
2012-06-13,19.6708
2012-06-14,19.9808
2012-06-15,20.5308
2012-06-18,20.5708
2012-06-19,21.2108
2012-06-20,21.2808
2012-06-21,20.1008
2012-06-22,20.5208
2012-06-25,19.6408
2012-06-26,19.8908
2012-06-27,20.3208
2012-06-28,20.1908
2012-06-29,21.6208
2012-07-02,21.7908
2012-07-03,22.2808
2012-07-05,21.8408
2012-07-06,21.3408
2012-07-09,21.2208
2012-07-10,20.8608
2012-07-11,20.9508
2012-07-12,20.5008
2012-07-13,21.2108
2012-07-16,21.2008
2012-07-17,21.4808
2012-07-18,21.7208
2012-07-19,22.0008
2012-07-20,21.3408
2012-07-23,20.7008
2012-07-24,20.2008
2012-07-25,20.3508
2012-07-26,21.3108
2012-07-27,22.2308
2012-07-30,22.1208
2012-07-31,21.9508
2012-08-01,21.8108
2012-08-02,21.3508
2012-08-03,22.4908
2012-08-06,22.7208
2012-08-07,23.0508
2012-08-08,23.0108
2012-08-09,23.1108
2012-08-10,23.2008
2012-08-13,23.0908
2012-08-14,23.1108
2012-08-15,23.1408
2012-08-16,23.6108
2012-08-17,23.6508
2012-08-20,23.5908
2012-08-21,23.6008
2012-08-22,23.5608
2012-08-23,23.2408
2012-08-24,23.3208
2012-08-27,23.3008
2012-08-28,23.3108
2012-08-29,23.2308
2012-08-30,22.7608
2012-08-31,23.0908
2012-09-04,23.0408
2012-09-05,22.9708
2012-09-06,24.0508
2012-09-07,24.5108
2012-09-10,24.1608
2012-09-11,24.4608
2012-09-12,24.6608
2012-09-13,25.5108
2012-09-14,25.8908
2012-09-17,25.6408
2012-09-18,25.4808
2012-09-19,25.5808
2012-09-20,25.3308
2012-09-21,25.3308
2012-09-24,24.6308
2012-09-25,24.2308
2012-09-26,23.8608
2012-09-27,24.4608
2012-09-28,23.9808
2012-10-01,24.2208
2012-10-02,24.4108
2012-10-03,24.3508
2012-10-04,24.7808
2012-10-05,24.8008
2012-10-08,24.5808
2012-10-09,24.0308
2012-10-10,23.7808
2012-10-11,24.0108
2012-10-12,23.8108
2012-10-15,24.2408
2012-10-16,24.8608
2012-10-17,25.1508
2012-10-18,25.0508
2012-10-19,24.2908
2012-10-22,24.4908
2012-10-23,23.6408
2012-10-24,23.5908
2012-10-25,23.8908
2012-10-26,23.7408
2012-10-31,23.6908
2012-11-01,24.4008
2012-11-02,23.8908
2012-11-05,23.9608
2012-11-06,24.3608
2012-11-07,23.4608
2012-11-08,22.9808
2012-11-09,23.0008
2012-11-12,23.0408
2012-11-13,22.7508
2012-11-14,22.2008
2012-11-15,22.1308
2012-11-16,22.2808
2012-11-19,23.2608
2012-11-20,23.2008
2012-11-21,23.3608
2012-11-23,24.1208
2012-11-26,24.0008
2012-11-27,23.7108
2012-11-28,24.1208
2012-11-29,24.3808
2012-11-30,24.4208
2012-12-03,24.3008
2012-12-04,24.3608
2012-12-05,24.5008
2012-12-06,24.6908
2012-12-07,24.7908
2012-12-10,24.8108
2012-12-11,25.1908
2012-12-12,25.2808
2012-12-13,24.9708
2012-12-14,25.0008
2012-12-17,25.4108
2012-12-18,25.9008
2012-12-19,25.8008
2012-12-20,26.1158
2012-12-21,25.6958
2012-12-24,25.6158
2012-12-26,25.5358
2012-12-27,25.5858
2012-12-28,25.2858
2012-12-31,25.9258
2013-01-02,27.0058
2013-01-03,26.7258
2013-01-04,26.9658
2013-01-07,26.7058
2013-01-08,26.5158
2013-01-09,26.7358
2013-01-10,27.2658
2013-01-11,27.2358
2013-01-14,27.2658
2013-01-15,27.2158
2013-01-16,27.1158
2013-01-17,27.4458
2013-01-18,27.4958
2013-01-22,27.6958
2013-01-23,27.6558
2013-01-24,27.7558
2013-01-25,28.0358
2013-01-28,27.8358
2013-01-29,28.1158
2013-01-30,28.0458
2013-01-31,27.9058
2013-02-01,28.3858
2013-02-04,27.6558
2013-02-05,28.0058
2013-02-06,28.0558
2013-02-07,27.7858
2013-02-08,28.0958
2013-02-11,28.0258
2013-02-12,28.1858
2013-02-13,28.2858
2013-02-14,28.2058
2013-02-15,28.0758
2013-02-19,28.5258
2013-02-20,27.9358
2013-02-21,27.4058
2013-02-22,27.9258
2013-02-25,26.9658
2013-02-26,27.2858
2013-02-27,27.8458
2013-02-28,27.7458
2013-03-01,27.8758
2013-03-04,27.9958
2013-03-05,28.4758
2013-03-06,28.5558
2013-03-07,28.7458
2013-03-08,28.9558
2013-03-11,29.1058
2013-03-12,28.8358
2013-03-13,28.8058
2013-03-14,29.1758
2013-03-15,29.0258
2013-03-18,28.6858
2013-03-19,28.3258
2013-03-20,28.7758
2013-03-21,28.3658
2013-03-22,28.7198
2013-03-25,28.4098
2013-03-26,28.7998
2013-03-27,28.7398
2013-03-28,28.9498
2013-04-01,28.4998
2013-04-02,28.8098
2013-04-03,28.2398
2013-04-04,28.5298
2013-04-05,28.3598
2013-04-08,28.6098
2013-04-09,28.7698
2013-04-10,29.4798
2013-04-11,29.7398
2013-04-12,29.5098
2013-04-15,28.1998
2013-04-16,29.0398
2013-04-17,28.1098
2013-04-18,27.8698
2013-04-19,28.4398
2013-04-22,28.6098
2013-04-23,29.1898
2013-04-24,29.4098
2013-04-25,29.7098
2013-04-26,29.5698
2013-04-29,30.0898
2013-04-30,30.3498
2013-05-01,29.8298
2013-05-02,30.2398
2013-05-03,30.8198
2013-05-06,30.8798
2013-05-07,31.1098
2013-05-08,31.4898
2013-05-09,31.2198
2013-05-10,31.2398
2013-05-13,31.1998
2013-05-14,31.5498
2013-05-15,31.7598
2013-05-16,31.4698
2013-05-17,31.9198
2013-05-20,31.9798
2013-05-21,32.0598
2013-05-22,31.4998
2013-05-23,31.2498
2013-05-24,30.9198
2013-05-28,31.1298
2013-05-29,30.7198
2013-05-30,30.9798
2013-05-31,30.0498
2013-06-03,30.3798
2013-06-04,30.1798
2013-06-05,29.2798
2013-06-06,29.7198
2013-06-07,30.1998
2013-06-10,30.2298
2013-06-11,29.5198
2013-06-12,29.2298
2013-06-13,30.0098
2013-06-14,29.5498
2013-06-17,30.0998
2013-06-18,30.4998
2013-06-19,29.5498
2013-06-20,27.9398
2013-06-21,28.0398
2013-06-24,27.2388
2013-06-25,27.9088
2013-06-26,28.2988
2013-06-27,28.8288
2013-06-28,28.6188
2013-07-01,29.0488
2013-07-02,28.7588
2013-07-03,28.8388
2013-07-05,29.2088
2013-07-08,29.4088
2013-07-09,29.7588
2013-07-10,29.8288
2013-07-11,30.9888
2013-07-12,30.8588
2013-07-15,31.1388
2013-07-16,30.9788
2013-07-17,31.1988
2013-07-18,31.4788
2013-07-19,31.4788
2013-07-22,31.7288
2013-07-23,31.7588
2013-07-24,31.5788
2013-07-25,31.6888
2013-07-26,31.5488
2013-07-29,31.2588
2013-07-30,31.2188
2013-07-31,31.2788
2013-08-01,31.9988
2013-08-02,32.1588
2013-08-05,32.0388
2013-08-06,31.7788
2013-08-07,31.4688
2013-08-08,31.9588
2013-08-09,31.9188
2013-08-12,31.8888
2013-08-13,32.1488
2013-08-14,32.0288
2013-08-15,31.3888
2013-08-16,31.3188
2013-08-19,30.8788
2013-08-20,31.0488
2013-08-21,30.4888
2013-08-22,30.9688
2013-08-23,31.3188
2013-08-26,31.0688
2013-08-27,30.1188
2013-08-28,30.1988
2013-08-29,30.2288
2013-08-30,29.9488
2013-09-03,30.4288
2013-09-04,30.9788
2013-09-05,31.0888
2013-09-06,31.2288
2013-09-09,31.9688
2013-09-10,32.4988
2013-09-11,32.6588
2013-09-12,32.3688
2013-09-13,32.5488
2013-09-16,32.9388
2013-09-17,33.0688
2013-09-18,34.1688
2013-09-19,33.9888
2013-09-20,33.4788
2013-09-23,33.1488
2013-09-24,33.0488
2013-09-25,32.9988
2013-09-26,33.1788
2013-09-27,32.9988
2013-09-30,32.6588
2013-10-01,33.0988
2013-10-02,33.0188
2013-10-03,32.6888
2013-10-04,32.9188
2013-10-07,32.4688
2013-10-08,31.8788
2013-10-09,31.9888
2013-10-10,33.1188
2013-10-11,33.5088
2013-10-14,33.6488
2013-10-15,33.2588
2013-10-16,33.8788
2013-10-17,34.4388
2013-10-18,34.7788
2013-10-21,34.8388
2013-10-22,35.2488
2013-10-23,34.7388
2013-10-24,35.0488
2013-10-25,35.1088
2013-10-28,35.0988
2013-10-29,35.2388
2013-10-30,35.0188
2013-10-31,34.7188
2013-11-01,34.6888
2013-11-04,35.0188
2013-11-05,34.5888
2013-11-06,34.8588
2013-11-07,34.0488
2013-11-08,34.5488
2013-11-11,34.5888
2013-11-12,34.4288
2013-11-13,34.7488
2013-11-14,35.0188
2013-11-15,35.4388
2013-11-18,35.4088
2013-11-19,35.2188
2013-11-20,34.9388
2013-11-21,35.3288
2013-11-22,35.5488
2013-11-25,35.3288
2013-11-26,35.3488
2013-11-27,35.5688
2013-11-29,35.6088
2013-12-02,35.2088
2013-12-03,34.8988
2013-12-04,34.6888
2013-12-05,34.4788
2013-12-06,35.1688
2013-12-09,35.2188
2013-12-10,35.1288
2013-12-11,34.4588
2013-12-12,34.1888
2013-12-13,34.1688
2013-12-16,34.5988
2013-12-17,34.3688
2013-12-18,35.1588
2013-12-19,35.1688
2013-12-20,35.4928
2013-12-23,35.9528
2013-12-24,36.0928
2013-12-26,36.3028
2013-12-27,36.4828
2013-12-30,36.6428
2013-12-31,36.8828
2014-01-02,36.0028
2014-01-03,36.0628
2014-01-06,35.9028
2014-01-07,36.1728
2014-01-08,36.1828
2014-01-09,36.1728
2014-01-10,36.5728
2014-01-13,35.9128
2014-01-14,36.4428
2014-01-15,36.6228
2014-01-16,36.6428
2014-01-17,36.4228
2014-01-21,36.5828
2014-01-22,36.7328
2014-01-23,36.1928
2014-01-24,34.6728
2014-01-27,34.3728
2014-01-28,34.8428
2014-01-29,34.2628
2014-01-30,34.8328
2014-01-31,34.2428
2014-02-03,33.1128
2014-02-04,33.5728
2014-02-05,33.5328
2014-02-06,34.4028
2014-02-07,35.0428
2014-02-10,35.0028
2014-02-11,35.7628
2014-02-12,35.8728
2014-02-13,36.0828
2014-02-14,36.3728
2014-02-18,36.6328
2014-02-19,36.2528
2014-02-20,36.5828
2014-02-21,36.5928
2014-02-24,36.9628
2014-02-25,36.8128
2014-02-26,36.8228
2014-02-27,37.0428
2014-02-28,37.2028
2014-03-03,36.3928
2014-03-04,37.3928
2014-03-05,37.4228
2014-03-06,37.6928
2014-03-07,37.5028
2014-03-10,37.2328
2014-03-11,36.9228
2014-03-12,36.8628
2014-03-13,36.0628
2014-03-14,36.0028
2014-03-17,36.5028
2014-03-18,36.9528
2014-03-19,36.3728
2014-03-20,36.4828
2014-03-21,36.3828
2014-03-24,36.3328
2014-03-25,36.6968
2014-03-26,36.4568
2014-03-27,36.6068
2014-03-28,36.9768
2014-03-31,37.4868
2014-04-01,37.9268
2014-04-02,38.0168
2014-04-03,37.8868
2014-04-04,37.3668
2014-04-07,36.9568
2014-04-08,37.1768
2014-04-09,37.8768
2014-04-10,36.7668
2014-04-11,36.3068
2014-04-14,36.6268
2014-04-15,36.6168
2014-04-16,37.2368
2014-04-17,37.4768
2014-04-21,37.5668
2014-04-22,37.7868
2014-04-23,37.6668
2014-04-24,37.6968
2014-04-25,37.2268
2014-04-28,37.4068
2014-04-29,37.7068
2014-04-30,37.9268
2014-05-01,38.0468
2014-05-02,38.0668
2014-05-05,38.0768
2014-05-06,37.8068
2014-05-07,38.0568
2014-05-08,37.9668
2014-05-09,37.9868
2014-05-12,38.5168
2014-05-13,38.4868
2014-05-14,38.3368
2014-05-15,37.9068
2014-05-16,38.1768
2014-05-19,38.2368
2014-05-20,37.8368
2014-05-21,38.2468
2014-05-22,38.4868
2014-05-23,38.7468
2014-05-27,39.0268
2014-05-28,38.9168
2014-05-29,39.2868
2014-05-30,39.1568
2014-06-02,39.3968
2014-06-03,39.3068
2014-06-04,39.3668
2014-06-05,39.8268
2014-06-06,40.1668
2014-06-09,40.2368
2014-06-10,40.1868
2014-06-11,39.9668
2014-06-12,39.7268
2014-06-13,39.8968
2014-06-16,39.8568
2014-06-17,39.9768
2014-06-18,40.3368
2014-06-19,40.4468
2014-06-20,40.5468
2014-06-23,40.4468
2014-06-24,40.1398
2014-06-25,40.2498
2014-06-26,40.2398
2014-06-27,40.4498
2014-06-30,40.5098
2014-07-01,41.0398
2014-07-02,41.0898
2014-07-03,41.3698
2014-07-07,40.9698
2014-07-08,40.4698
2014-07-09,40.7298
2014-07-10,40.3198
2014-07-11,40.3398
2014-07-14,40.7098
2014-07-15,40.5198
2014-07-16,40.7898
2014-07-17,40.0198
2014-07-18,40.6698
2014-07-21,40.5298
2014-07-22,40.8398
2014-07-23,40.9998
2014-07-24,41.0498
2014-07-25,40.7898
2014-07-28,40.7898
2014-07-29,40.5098
2014-07-30,40.5398
2014-07-31,39.4198
2014-08-01,39.2098
2014-08-04,39.5998
2014-08-05,38.9798
2014-08-06,38.9098
2014-08-07,38.5398
2014-08-08,38.9898
2014-08-11,39.2798
2014-08-12,39.2098
2014-08-13,39.5698
2014-08-14,39.8598
2014-08-15,39.8298
2014-08-18,40.3598
2014-08-19,40.5198
2014-08-20,40.5698
2014-08-21,40.6998
2014-08-22,40.6398
2014-08-25,40.9298
2014-08-26,40.9898
2014-08-27,41.0998
2014-08-28,40.8898
2014-08-29,41.0398
2014-09-02,41.1398
2014-09-03,41.2698
2014-09-04,41.0698
2014-09-05,41.2098
2014-09-08,40.8298
2014-09-09,40.4998
2014-09-10,40.7098
2014-09-11,40.5798
2014-09-12,40.2698
2014-09-15,40.1398
2014-09-16,40.5498
2014-09-17,40.3198
2014-09-18,40.6298
2014-09-19,40.3798
2014-09-22,39.9198
2014-09-23,39.4998
2014-09-24,39.9888
2014-09-25,38.9888
2014-09-26,39.3388
2014-09-29,39.0388
2014-09-30,38.9488
2014-10-01,38.0488
2014-10-02,37.8688
2014-10-03,38.2988
2014-10-06,38.3588
2014-10-07,37.5188
2014-10-08,38.4388
2014-10-09,37.0688
2014-10-10,36.2288
2014-10-13,35.8288
2014-10-14,35.9088
2014-10-15,35.5288
2014-10-16,35.4588
2014-10-17,36.1688
2014-10-20,36.6688
2014-10-21,37.5088
2014-10-22,36.9888
2014-10-23,37.6088
2014-10-24,37.9188
2014-10-27,37.8388
2014-10-28,38.6088
2014-10-29,38.3988
2014-10-30,38.7288
2014-10-31,39.5188
2014-11-03,39.2988
2014-11-04,39.0788
2014-11-05,39.2188
2014-11-06,39.2588
2014-11-07,39.2988
2014-11-10,39.4788
2014-11-11,39.6388
2014-11-12,39.4888
2014-11-13,39.4688
2014-11-14,39.6288
2014-11-17,39.5188
2014-11-18,39.9188
2014-11-19,39.8588
2014-11-20,39.7788
2014-11-21,40.2988
2014-11-24,40.4188
2014-11-25,40.4788
2014-11-26,40.6388
2014-11-28,40.2888
2014-12-01,39.8288
2014-12-02,40.0488
2014-12-03,40.2888
2014-12-04,40.1288
2014-12-05,40.2188
2014-12-08,39.6988
2014-12-09,39.5088
2014-12-10,38.6288
2014-12-11,38.6388
2014-12-12,37.6388
2014-12-15,36.9988
2014-12-16,36.8988
2014-12-17,38.0188
2014-12-18,39.0588
2014-12-19,39.2588
2014-12-22,39.6068
2014-12-23,39.5768
2014-12-24,39.7468
2014-12-26,40.0168
2014-12-29,39.8568
2014-12-30,39.5368
2014-12-31,39.0668
2015-01-02,38.9068
2015-01-05,37.7468
2015-01-06,37.1568
2015-01-07,37.9068
2015-01-08,38.7968
2015-01-09,38.3968
2015-01-12,38.0868
2015-01-13,38.1268
2015-01-14,37.8568
2015-01-15,37.6668
2015-01-16,38.3868
2015-01-20,38.4968
2015-01-21,38.9368
2015-01-22,39.6268
2015-01-23,39.1768
2015-01-26,39.5868
2015-01-27,39.2068
2015-01-28,38.4468
2015-01-29,38.9468
2015-01-30,38.0868
2015-02-02,38.8768
2015-02-03,39.7468
2015-02-04,39.4768
2015-02-05,40.1968
2015-02-06,39.6268
2015-02-09,39.4668
2015-02-10,39.9768
2015-02-11,39.8368
2015-02-12,40.6068
2015-02-13,40.9968
2015-02-17,41.0668
2015-02-18,41.2668
2015-02-19,41.1868
2015-02-20,41.6868
2015-02-23,41.5268
2015-02-24,41.7468
2015-02-25,41.7368
2015-02-26,41.6368
2015-02-27,41.6068
2015-03-02,41.8268
2015-03-03,41.4968
2015-03-04,41.1368
2015-03-05,41.2268
2015-03-06,40.4568
2015-03-09,40.5768
2015-03-10,39.4568
2015-03-11,39.4868
2015-03-12,40.2268
2015-03-13,39.8368
2015-03-16,40.5768
2015-03-17,40.4768
2015-03-18,41.5068
2015-03-19,41.0268
2015-03-20,41.8868
2015-03-23,41.9568
2015-03-24,41.7568
2015-03-25,40.9408
2015-03-26,40.6708
2015-03-27,40.8608
2015-03-30,41.2908
2015-03-31,40.8508
2015-04-01,40.8908
2015-04-02,41.3008
2015-04-06,41.8408
2015-04-07,41.7208
2015-04-08,42.0808
2015-04-10,42.5408
2015-04-13,42.2208
2015-04-14,42.4908
2015-04-15,42.8508
2015-04-16,42.9108
2015-04-17,42.1408
2015-04-20,42.4708
2015-04-21,42.6308
2015-04-22,42.8908
2015-04-23,43.1608
2015-04-24,43.3308
2015-04-27,43.3208
2015-04-28,43.4808
2015-04-29,43.0808
2015-04-30,42.4208
2015-05-01,43.0508
2015-05-04,43.1008
2015-05-05,42.3508
2015-05-06,42.2108
2015-05-07,42.2808
2015-05-08,43.2208
2015-05-11,42.8408
2015-05-12,42.7808
2015-05-13,42.9408
2015-05-14,43.5708
2015-05-15,43.6908
2015-05-18,43.6608
2015-05-19,43.5808
2015-05-20,43.5608
2015-05-21,43.8008
2015-05-22,43.5508
2015-05-26,42.7508
2015-05-27,43.3008
2015-05-28,43.0808
2015-05-29,42.6308
2015-06-01,42.6308
2015-06-02,42.7308
2015-06-03,42.9708
2015-06-04,42.3508
2015-06-05,41.9608
2015-06-08,41.6908
2015-06-09,41.5408
2015-06-10,42.5508
2015-06-11,42.6608
2015-06-12,42.2508
2015-06-15,41.9008
2015-06-16,42.0708
2015-06-17,42.0708
2015-06-18,42.7208
2015-06-19,42.4208
2015-06-22,43.1308
2015-06-23,43.2408
2015-06-24,42.8008
2015-06-25,42.6208
2015-06-26,42.6738
2015-06-29,41.0738
2015-06-30,41.2338
2015-07-01,41.5638
2015-07-02,41.5738
2015-07-06,40.9138
2015-07-07,40.9238
2015-07-08,39.6338
2015-07-09,40.1038
2015-07-10,41.3438
2015-07-13,41.7738
2015-07-14,42.1438
2015-07-15,41.9638
2015-07-16,42.4638
2015-07-17,42.3638
2015-07-20,42.3438
2015-07-21,42.1638
2015-07-22,41.8638
2015-07-23,41.5938
2015-07-24,40.8538
2015-07-27,40.3538
2015-07-28,41.0238
2015-07-29,41.4138
2015-07-30,41.4838
2015-07-31,41.5438
2015-08-03,41.2838
2015-08-04,41.2838
2015-08-05,41.4538
2015-08-06,41.0138
2015-08-07,40.9838
2015-08-10,41.7438
2015-08-11,41.0138
2015-08-12,40.8138
2015-08-13,40.7438
2015-08-14,40.8938
2015-08-17,41.0138
2015-08-18,40.7038
2015-08-19,40.1638
2015-08-20,38.8338
2015-08-21,37.2538
2015-08-24,34.9938
2015-08-25,34.9438
2015-08-26,36.5338
2015-08-27,37.7638
2015-08-28,37.8338
2015-08-31,37.4738
2015-09-01,35.6238
2015-09-02,36.5738
2015-09-03,36.6738
2015-09-04,35.5638
2015-09-08,37.0838
2015-09-09,36.5238
2015-09-10,36.8638
2015-09-11,36.9938
2015-09-14,36.7138
2015-09-15,37.3038
2015-09-16,38.0338
2015-09-17,38.0438
2015-09-18,36.8938
2015-09-21,36.9738
2015-09-22,35.9838
2015-09-23,35.7338
2015-09-24,35.5638
2015-09-25,35.6028
2015-09-28,34.3128
2015-09-29,34.3528
2015-09-30,35.3028
2015-10-01,35.5428
2015-10-02,36.4628
2015-10-05,37.5928
2015-10-06,37.5128
2015-10-07,38.2328
2015-10-08,38.7328
2015-10-09,38.8228
2015-10-12,38.7228
2015-10-13,38.1328
2015-10-14,38.1028
2015-10-15,39.0228
2015-10-16,39.1028
2015-10-19,38.9628
2015-10-20,38.8928
2015-10-21,38.5328
2015-10-22,39.3228
2015-10-23,39.8728
2015-10-26,39.6928
2015-10-27,39.3228
2015-10-28,39.8228
2015-10-29,39.5428
2015-10-30,39.3328
2015-11-02,40.0828
2015-11-03,40.2828
2015-11-04,40.0028
2015-11-05,39.9228
2015-11-06,39.7228
2015-11-09,39.1528
2015-11-10,39.1228
2015-11-11,39.0828
2015-11-12,38.3828
2015-11-13,37.7328
2015-11-16,38.4928
2015-11-17,38.4728
2015-11-18,39.2328
2015-11-19,39.4328
2015-11-20,39.5428
2015-11-23,39.3028
2015-11-24,39.4428
2015-11-25,39.4628
2015-11-27,39.4228
2015-11-30,39.2828
2015-12-01,39.9128
2015-12-02,39.2728
2015-12-03,38.6028
2015-12-04,39.4628
2015-12-07,38.9428
2015-12-08,38.3428
2015-12-09,38.0428
2015-12-10,37.9728
2015-12-11,36.8028
2015-12-14,36.9828
2015-12-15,37.5728
2015-12-16,38.4828
2015-12-17,37.6628
2015-12-18,36.8928
2015-12-21,37.3308
2015-12-22,37.8308
2015-12-23,38.6308
2015-12-24,38.5108
2015-12-28,38.3808
2015-12-29,38.9108
2015-12-30,38.4808
2015-12-31,37.9808
2016-01-04,37.0108
2016-01-05,37.0208
2016-01-06,36.1808
2016-01-07,34.8808
2016-01-08,34.2408
2016-01-11,34.2708
2016-01-12,34.5708
2016-01-13,33.3608
2016-01-14,34.2208
2016-01-15,32.7108
2016-01-19,32.8708
2016-01-20,32.0308
2016-01-21,32.3308
2016-01-22,33.6308
2016-01-25,32.8008
2016-01-26,33.6808
2016-01-27,33.2008
2016-01-28,33.3808
2016-01-29,34.6008
2016-02-01,34.6708
2016-02-02,33.3808
2016-02-03,33.8608
2016-02-04,33.9708
2016-02-05,33.0508
2016-02-08,32.2008
2016-02-09,31.8308
2016-02-10,31.8608
2016-02-11,31.1708
2016-02-12,32.0708
2016-02-16,33.0208
2016-02-17,34.0508
2016-02-18,33.8208
2016-02-19,33.7508
2016-02-22,34.5608
2016-02-23,33.8008
2016-02-24,33.8408
2016-02-25,34.4208
2016-02-26,34.3508
2016-02-29,34.0008
2016-03-01,35.3608
2016-03-02,35.7208
2016-03-03,36.1808
2016-03-04,36.5608
2016-03-07,36.5608
2016-03-08,35.8308
2016-03-09,36.1308
2016-03-10,36.0708
2016-03-11,37.2708
2016-03-14,37.1408
2016-03-15,36.7128
2016-03-16,37.3028
2016-03-17,37.8228
2016-03-18,37.9228
2016-03-21,37.9228
2016-03-22,37.8228
2016-03-23,37.2528
2016-03-24,37.1328
2016-03-28,37.3328
2016-03-29,37.9528
2016-03-30,38.3028
2016-03-31,38.2728
2016-04-01,38.1728
2016-04-04,37.9428
2016-04-05,37.1828
2016-04-06,37.8428
2016-04-07,36.9928
2016-04-08,37.5228
2016-04-11,37.5828
2016-04-12,38.2628
2016-04-13,39.0528
2016-04-14,39.0028
2016-04-15,38.9228
2016-04-18,39.3128
2016-04-19,39.9228
2016-04-20,39.9428
2016-04-21,39.6028
2016-04-22,39.5728
2016-04-25,39.3828
2016-04-26,39.5928
2016-04-27,39.6628
2016-04-28,39.2128
2016-04-29,38.8528
2016-05-02,39.2628
2016-05-03,38.5028
2016-05-04,38.0028
2016-05-05,37.9928
2016-05-06,38.1828
2016-05-09,37.9628
2016-05-10,38.7928
2016-05-11,38.3828
2016-05-12,38.2828
2016-05-13,37.7228
2016-05-16,38.3628
2016-05-17,37.8828
2016-05-18,37.8528
2016-05-19,37.5428
2016-05-20,38.0228
2016-05-23,37.8428
2016-05-24,38.6728
2016-05-25,39.1128
2016-05-26,39.1828
2016-05-27,39.2728
2016-05-31,39.2328
2016-06-01,39.3428
2016-06-02,39.4828
2016-06-03,39.6528
2016-06-06,39.9928
2016-06-07,40.3628
2016-06-08,40.5228
2016-06-09,40.1328
2016-06-10,39.0228
2016-06-13,38.4528
2016-06-14,38.0388
2016-06-15,38.2888
2016-06-16,38.3188
2016-06-17,38.4288
2016-06-20,39.2188
2016-06-21,39.4688
2016-06-22,39.3688
2016-06-23,40.5388
2016-06-24,37.3788
2016-06-27,36.5088
2016-06-28,37.3688
2016-06-29,38.3888
2016-06-30,39.1188
2016-07-01,39.3788
2016-07-05,38.5988
2016-07-06,38.7488
2016-07-07,38.5788
2016-07-08,39.4988
2016-07-11,40.0288
2016-07-12,40.5688
2016-07-13,40.5388
2016-07-14,40.9888
2016-07-15,40.8588
2016-07-18,40.9988
2016-07-19,40.6788
2016-07-20,41.0088
2016-07-21,40.8088
2016-07-22,41.0388
2016-07-25,40.8588
2016-07-26,41.0988
2016-07-27,41.1188
2016-07-28,41.1788
2016-07-29,41.5288
2016-08-01,41.2988
2016-08-02,40.9188
2016-08-03,41.0488
2016-08-04,41.1488
2016-08-05,41.6188
2016-08-08,41.6988
2016-08-09,41.9388
2016-08-10,41.9088
2016-08-11,42.3588
2016-08-12,42.2288
2016-08-15,42.5188
2016-08-16,42.2788
2016-08-17,42.2588
2016-08-18,42.5088
2016-08-19,42.2888
2016-08-22,42.1988
2016-08-23,42.3888
2016-08-24,42.0588
2016-08-25,42.0388
2016-08-26,41.7488
2016-08-29,42.0988
2016-08-30,41.9788
2016-08-31,41.7388
2016-09-01,41.9488
2016-09-02,42.4988
2016-09-06,42.8788
2016-09-07,42.9688
2016-09-08,42.7088
2016-09-09,41.2088
2016-09-12,41.9188
2016-09-13,40.7798
2016-09-14,40.7598
2016-09-15,41.4498
2016-09-16,40.9598
2016-09-19,41.1698
2016-09-20,41.3198
2016-09-21,42.2198
2016-09-22,42.6298
2016-09-23,42.1798
2016-09-26,41.6298
2016-09-27,42.0098
2016-09-28,42.4098
2016-09-29,41.7898
2016-09-30,42.2098
2016-10-03,42.1098
2016-10-04,41.8698
2016-10-05,42.2498
2016-10-06,42.0698
2016-10-07,41.8398
2016-10-10,42.0998
2016-10-11,41.1798
2016-10-12,41.2598
2016-10-13,40.9698
2016-10-14,41.0098
2016-10-17,40.8298
2016-10-18,41.3498
2016-10-19,41.6098
2016-10-20,41.5798
2016-10-21,41.4498
2016-10-24,41.6498
2016-10-25,41.4898
2016-10-26,41.2298
2016-10-27,41.1198
2016-10-28,40.9398
2016-10-31,41.0098
2016-11-01,40.6498
2016-11-02,40.2398
2016-11-03,40.0798
2016-11-04,39.7698
2016-11-07,40.9398
2016-11-08,41.1998
2016-11-09,41.3198
2016-11-10,41.1498
2016-11-11,40.8198
2016-11-14,40.7998
2016-11-15,41.3598
2016-11-16,41.0398
2016-11-17,41.3698
2016-11-18,41.0698
2016-11-21,41.6198
2016-11-22,41.7598
2016-11-23,41.7098
2016-11-25,41.9298
2016-11-28,41.6898
2016-11-29,41.8098
2016-11-30,41.7198
2016-12-01,41.4498
2016-12-02,41.5798
2016-12-05,42.0198
2016-12-06,42.3198
2016-12-07,43.1598
2016-12-08,43.3298
2016-12-09,43.5098
2016-12-12,43.3198
2016-12-13,43.8198
2016-12-14,43.0098
2016-12-15,43.1198
2016-12-16,43.0598
2016-12-19,43.1098
2016-12-20,43.3468
2016-12-21,43.2468
2016-12-22,43.0068
2016-12-23,43.1068
2016-12-27,43.2268
2016-12-28,42.8668
2016-12-29,42.9368
2016-12-30,42.8168
2017-01-03,43.3168
2017-01-04,43.8768
2017-01-05,44.0768
2017-01-06,44.0868
2017-01-09,43.9168
2017-01-10,43.9768
2017-01-11,44.3168
2017-01-12,44.1968
2017-01-13,44.4068
2017-01-17,44.2168
2017-01-18,44.1468
2017-01-19,43.9968
2017-01-20,44.2068
2017-01-23,44.2068
2017-01-24,44.6368
2017-01-25,45.1968
2017-01-26,45.0668
2017-01-27,44.9868
2017-01-30,44.5368
2017-01-31,44.6468
2017-02-01,44.7368
2017-02-02,44.8568
2017-02-03,45.1768
2017-02-06,44.9568
2017-02-07,44.9168
2017-02-08,44.9968
2017-02-09,45.3168
2017-02-10,45.6368
2017-02-13,45.9568
2017-02-14,46.0868
2017-02-15,46.4568
2017-02-16,46.4768
2017-02-17,46.4468
2017-02-21,46.7868
2017-02-22,46.7768
2017-02-23,46.7768
2017-02-24,46.6368
2017-02-27,46.5868
2017-02-28,46.3368
2017-03-01,47.1268
2017-03-02,46.6468
2017-03-03,46.8868
2017-03-06,46.7068
2017-03-07,46.4968
2017-03-08,46.3068
2017-03-09,46.3368
2017-03-10,46.6968
2017-03-13,46.9468
2017-03-14,46.5968
2017-03-15,47.3868
2017-03-16,47.4868
2017-03-17,47.5068
2017-03-20,47.4168
2017-03-21,46.7668
2017-03-22,46.8668
2017-03-23,46.8268
2017-03-24,46.9468
2017-03-27,47.0168
2017-03-28,47.3868
2017-03-29,47.4798
2017-03-30,47.4498
2017-03-31,47.2898
2017-04-03,47.2298
2017-04-04,47.2698
2017-04-05,47.0198
2017-04-06,47.1198
2017-04-07,47.0398
2017-04-10,47.0698
2017-04-11,47.1298
2017-04-12,46.9798
2017-04-13,46.5698
2017-04-17,47.1198
2017-04-18,46.7698
2017-04-19,46.6398
2017-04-20,47.1798
2017-04-21,47.0798
2017-04-24,48.0998
2017-04-25,48.4998
2017-04-26,48.4598
2017-04-27,48.4898
2017-04-28,48.3498
2017-05-01,48.4898
2017-05-02,48.7498
2017-05-03,48.5198
2017-05-04,48.6698
2017-05-05,49.1498
2017-05-08,48.9098
2017-05-09,48.9598
2017-05-10,49.0798
2017-05-11,48.9798
2017-05-12,48.9398
2017-05-15,49.3898
2017-05-16,49.5198
2017-05-17,48.4798
2017-05-18,48.5198
2017-05-19,49.1898
2017-05-22,49.4598
2017-05-23,49.4498
2017-05-24,49.5798
2017-05-25,49.8098
2017-05-26,49.7398
2017-05-30,49.6698
2017-05-31,49.6398
2017-06-01,50.1398
2017-06-02,50.5498
2017-06-05,50.3998
2017-06-06,50.2498
2017-06-07,50.2498
2017-06-08,50.2298
2017-06-09,50.1098
2017-06-12,50.0098
2017-06-13,50.4498
2017-06-14,50.2798
2017-06-15,49.8598
2017-06-16,50.1598
2017-06-19,50.5898
2017-06-20,49.9898
2017-06-21,49.9898
2017-06-22,50.0198
2017-06-23,50.1398
2017-06-26,50.3498
2017-06-27,49.9898
2017-06-28,50.5558
2017-06-29,49.9058
2017-06-30,50.0658
2017-07-03,50.1758
2017-07-05,50.1758
2017-07-06,49.6058
2017-07-07,49.9058
2017-07-10,50.0558
2017-07-11,50.1458
2017-07-12,50.7058
2017-07-13,50.9158
2017-07-14,51.3358
2017-07-17,51.2858
2017-07-18,51.3258
2017-07-19,51.6958
2017-07-20,51.8258
2017-07-21,51.7358
2017-07-24,51.6758
2017-07-25,51.8358
2017-07-26,52.0258
2017-07-27,51.8758
2017-07-28,51.8558
2017-07-31,51.8558
2017-08-01,52.1558
2017-08-02,52.1058
2017-08-03,52.0058
2017-08-04,52.1258
2017-08-07,52.2858
2017-08-08,52.0758
2017-08-09,51.9258
2017-08-10,50.8658
2017-08-11,50.8958
2017-08-14,51.5258
2017-08-15,51.4558
2017-08-16,51.7958
2017-08-17,50.8158
2017-08-18,50.8958
2017-08-21,50.9558
2017-08-22,51.5058
2017-08-23,51.4258
2017-08-24,51.3158
2017-08-25,51.5858
2017-08-28,51.5758
2017-08-29,51.5158
2017-08-30,51.7158
2017-08-31,52.1458
2017-09-01,52.3558
2017-09-05,51.8858
2017-09-06,52.1458
2017-09-07,52.4158
2017-09-08,52.3358
2017-09-11,53.0058
2017-09-12,53.1958
2017-09-13,53.0158
2017-09-14,53.0358
2017-09-15,53.1658
2017-09-18,53.4058
2017-09-19,53.5158
2017-09-20,53.5158
2017-09-21,53.3258
2017-09-22,53.3758
2017-09-25,53.0658
2017-09-26,52.9958
2017-09-27,53.1298
2017-09-28,53.2198
2017-09-29,53.6098
2017-10-02,53.7698
2017-10-03,54.0798
2017-10-04,54.1098
2017-10-05,54.3198
2017-10-06,54.2298
2017-10-09,54.1298
2017-10-10,54.5198
2017-10-11,54.7198
2017-10-12,54.6798
2017-10-13,54.8798
2017-10-16,54.9098
2017-10-17,54.8798
2017-10-18,54.9298
2017-10-19,54.8398
2017-10-20,55.0098
2017-10-23,54.7298
2017-10-24,54.8498
2017-10-25,54.5598
2017-10-26,54.5798
2017-10-27,54.9598
2017-10-30,54.8698
2017-10-31,55.0998
2017-11-01,55.2598
2017-11-02,55.3398
2017-11-03,55.3998
2017-11-06,55.5898
2017-11-07,55.4398
2017-11-08,55.5998
2017-11-09,55.1998
2017-11-10,55.1398
2017-11-13,55.0298
2017-11-14,54.9198
2017-11-15,54.4998
2017-11-16,55.1898
2017-11-17,55.0898
2017-11-20,55.1998
2017-11-21,55.7698
2017-11-22,55.8698
2017-11-24,56.1398
2017-11-27,55.8498
2017-11-28,56.4098
2017-11-29,56.1798
2017-11-30,56.4698
2017-12-01,56.3098
2017-12-04,56.1798
2017-12-05,55.9498
2017-12-06,55.7198
2017-12-07,55.9498
2017-12-08,56.3798
2017-12-11,56.5598
2017-12-12,56.5798
2017-12-13,56.7398
2017-12-14,56.4198
2017-12-15,56.7598
2017-12-18,57.4498
2017-12-19,57.1913
2017-12-20,57.1413
2017-12-21,57.3513
2017-12-22,57.4813
2017-12-26,57.4913
2017-12-27,57.5413
2017-12-28,57.7613
2017-12-29,57.6413
2018-01-02,58.2913
2018-01-03,58.8013
2018-01-04,59.2513
2018-01-05,59.6913
2018-01-08,59.7713
2018-01-09,59.9013
2018-01-10,59.6513
2018-01-11,60.2113
2018-01-12,60.8213
2018-01-16,60.6413
2018-01-17,61.2513
2018-01-18,61.0913
2018-01-19,61.5013
2018-01-22,62.0713
2018-01-23,62.2913
2018-01-24,62.4213
2018-01-25,62.3013
2018-01-26,63.1113
2018-01-29,62.4513
2018-01-30,61.6413
2018-01-31,61.7113
2018-02-01,61.6513
2018-02-02,59.9413
2018-02-05,57.0013
2018-02-06,58.5413
2018-02-07,57.5813
2018-02-08,55.2313
2018-02-09,55.9913
2018-02-12,57.0713
2018-02-13,57.1213
2018-02-14,58.2913
2018-02-15,59.1213
2018-02-16,59.1813
2018-02-20,58.6113
2018-02-21,58.3313
2018-02-22,58.4613
2018-02-23,59.4713
2018-02-26,60.1813
2018-02-27,59.1113
2018-02-28,58.2313
2018-03-01,57.3413
2018-03-02,57.6913
2018-03-05,58.2913
2018-03-06,58.7313
2018-03-07,58.6413
2018-03-08,58.9313
2018-03-09,59.8813
2018-03-12,59.9613
2018-03-13,59.4313
2018-03-14,59.3513
2018-03-15,59.2313
2018-03-16,59.2413
2018-03-19,58.4413
2018-03-20,58.6213
2018-03-21,58.6813
2018-03-22,56.9213
2018-03-23,55.6813
2018-03-26,57.3786
2018-03-27,56.3986
2018-03-28,56.3686
2018-03-29,57.2686
2018-04-02,55.8086
2018-04-03,56.5686
2018-04-04,57.1486
2018-04-05,57.5386
2018-04-06,56.3486
2018-04-09,56.7886
2018-04-10,57.8686
2018-04-11,57.5286
2018-04-12,57.9686
2018-04-13,57.7686
2018-04-16,58.1486
2018-04-17,58.7486
2018-04-18,59.0386
2018-04-19,58.5486
2018-04-20,58.0586
2018-04-23,57.9686
2018-04-24,57.3586
2018-04-25,57.3286
2018-04-26,57.9486
2018-04-27,58.0786
2018-04-30,57.5786
2018-05-01,57.5386
2018-05-02,57.2586
2018-05-03,57.2286
2018-05-04,57.8586
2018-05-07,57.9686
2018-05-08,57.9786
2018-05-09,58.4286
2018-05-10,59.1186
2018-05-11,59.2786
2018-05-14,59.3886
2018-05-15,58.7086
2018-05-16,59.0886
2018-05-17,59.0686
2018-05-18,58.8186
2018-05-21,59.2486
2018-05-22,59.1786
2018-05-23,58.9586
2018-05-24,58.8286
2018-05-25,58.5786
2018-05-29,57.4186
2018-05-30,58.3786
2018-05-31,57.9986
2018-06-01,58.7186
2018-06-04,59.0986
2018-06-05,59.0786
2018-06-06,59.7386
2018-06-07,59.4786
2018-06-08,59.6486
2018-06-11,59.8386
2018-06-12,59.7586
2018-06-13,59.5286
2018-06-14,59.6086
2018-06-15,59.2886
2018-06-18,58.9286
2018-06-19,58.4186
2018-06-20,58.6786
2018-06-21,58.0586
2018-06-22,58.4997
2018-06-25,57.4397
2018-06-26,57.5197
2018-06-27,56.8297
2018-06-28,57.1997
2018-06-29,57.5597
2018-07-02,57.2997
2018-07-03,57.2197
2018-07-05,57.7997
2018-07-06,58.2697
2018-07-09,59.0097
2018-07-10,59.1397
2018-07-11,58.3097
2018-07-12,58.8897
2018-07-13,58.9797
2018-07-16,58.8797
2018-07-17,59.1697
2018-07-18,59.2197
2018-07-19,58.9397
2018-07-20,59.0797
2018-07-23,59.0797
2018-07-24,59.4097
2018-07-25,60.1897
2018-07-26,59.8697
2018-07-27,59.6397
2018-07-30,59.3797
2018-07-31,59.6697
2018-08-01,59.3997
2018-08-02,59.4097
2018-08-03,59.6697
2018-08-06,59.6697
2018-08-07,59.9597
2018-08-08,59.9097
2018-08-09,59.7397
2018-08-10,58.8897
2018-08-13,58.4897
2018-08-14,58.8397
2018-08-15,58.0097
2018-08-16,58.5697
2018-08-17,58.8997
2018-08-20,59.1897
2018-08-21,59.4897
2018-08-22,59.6897
2018-08-23,59.3397
2018-08-24,59.8797
2018-08-27,60.6797
2018-08-28,60.6197
2018-08-29,60.9797
2018-08-30,60.3397
2018-08-31,60.3197
2018-09-04,59.8397
2018-09-05,59.3397
2018-09-06,59.1797
2018-09-07,58.8397
2018-09-10,59.0197
2018-09-11,59.1697
2018-09-12,59.3097
2018-09-13,59.7797
2018-09-14,59.8297
2018-09-17,59.5597
2018-09-18,60.0897
2018-09-19,60.2797
2018-09-20,60.9897
2018-09-21,60.9697
2018-09-24,60.6297
2018-09-25,60.7297
2018-09-26,60.6012
2018-09-27,60.6612
2018-09-28,60.3812
2018-10-01,60.6212
2018-10-02,60.2612
2018-10-03,60.2612
2018-10-04,59.4312
2018-10-05,58.9812
2018-10-08,58.8212
2018-10-09,58.6412
2018-10-10,56.5412
2018-10-11,55.2812
2018-10-12,56.0812
2018-10-15,55.7812
2018-10-16,57.1912
2018-10-17,56.9012
2018-10-18,55.7812
2018-10-19,55.8512
2018-10-22,55.6512
2018-10-23,55.1612
2018-10-24,53.0012
2018-10-25,54.1412
2018-10-26,53.2912
2018-10-29,52.8212
2018-10-30,53.8212
2018-10-31,54.4512
2018-11-01,55.5512
2018-11-02,55.4012
2018-11-05,55.5912
2018-11-06,55.9512
2018-11-07,57.1812
2018-11-08,56.6012
2018-11-09,56.0312
2018-11-12,54.7712
2018-11-13,54.8812
2018-11-14,54.6412
2018-11-15,55.2612
2018-11-16,55.4012
2018-11-19,54.4312
2018-11-20,53.1512
2018-11-21,53.7912
2018-11-23,53.3512
2018-11-26,54.3512
2018-11-27,54.3612
2018-11-28,55.7012
2018-11-29,55.5212
2018-11-30,55.6612
2018-12-03,56.6312
2018-12-04,54.5112
2018-12-06,54.1512
2018-12-07,52.8712
2018-12-10,52.7212
2018-12-11,52.7512
2018-12-12,53.4912
2018-12-13,53.3612
2018-12-14,52.2812
2018-12-17,51.1612
2018-12-18,51.2512
2018-12-19,50.3912
2018-12-20,49.6912
2018-12-21,48.5612
2018-12-24,47.3702
2018-12-26,49.6902
2018-12-27,50.0502
2018-12-28,50.1202
2018-12-31,50.5002
2019-01-02,50.4202
2019-01-03,49.4002
2019-01-04,51.4902
2019-01-07,51.9002
2019-01-08,52.4402
2019-01-09,53.0702
2019-01-10,53.3802
2019-01-11,53.1202
2019-01-14,52.7502
2019-01-15,53.3602
2019-01-16,53.5902
2019-01-17,53.9802
2019-01-18,54.7302
2019-01-22,53.7402
2019-01-23,53.9002
2019-01-24,54.1102
2019-01-25,54.8102
2019-01-28,54.3602
2019-01-29,54.4002
2019-01-30,55.3802
2019-01-31,55.7302
2019-02-01,55.7402
2019-02-04,56.1102
2019-02-05,56.6002
2019-02-06,56.3002
2019-02-07,55.6102
2019-02-08,55.4802
2019-02-11,55.4802
2019-02-12,56.3402
2019-02-13,56.3702
2019-02-14,56.3602
2019-02-15,57.1402
2019-02-19,57.3202
2019-02-20,57.5902
2019-02-21,57.3202
2019-02-22,57.7802
2019-02-25,57.9702
2019-02-26,58.0502
2019-02-27,57.9602
2019-02-28,57.7202
2019-03-01,58.0902
2019-03-04,57.8702
2019-03-05,57.9702
2019-03-06,57.5302
2019-03-07,56.7602
2019-03-08,56.5702
2019-03-11,57.5302
2019-03-12,57.7102
2019-03-13,58.1302
2019-03-14,58.0402
2019-03-15,58.6102
2019-03-18,58.9402
2019-03-19,58.9502
2019-03-20,58.8302
2019-03-21,59.2702
2019-03-22,57.7602
2019-03-25,57.7412
2019-03-26,58.1712
2019-03-27,57.9012
2019-03-28,58.1012
2019-03-29,58.4912
2019-04-01,59.4312
2019-04-02,59.4212
2019-04-03,59.7312
2019-04-04,59.8312
2019-04-05,60.1312
2019-04-08,60.2212
2019-04-09,59.8212
2019-04-10,60.1312
2019-04-11,60.0012
2019-04-12,60.5312
2019-04-15,60.4112
2019-04-16,60.5812
2019-04-17,60.4912
2019-04-18,60.5512
2019-04-22,60.4812
2019-04-23,60.9612
2019-04-24,60.5512
2019-04-25,60.5012
2019-04-26,60.8612
2019-04-29,60.9612
2019-04-30,61.0312
2019-05-01,60.5412
2019-05-02,60.4312
2019-05-03,61.1512
2019-05-06,60.6212
2019-05-07,59.3712
2019-05-08,59.3612
2019-05-09,58.9312
2019-05-10,59.2912
2019-05-13,57.4312
2019-05-14,58.1812
2019-05-15,58.5212
2019-05-16,59.0612
2019-05-17,58.4712
2019-05-20,58.0612
2019-05-21,58.7012
2019-05-22,58.3712
2019-05-23,57.5512
2019-05-24,57.8812
2019-05-28,57.3112
2019-05-29,56.9512
2019-05-30,57.2012
2019-05-31,56.5112
2019-06-03,56.6212
2019-06-04,57.8412
2019-06-05,58.0912
2019-06-06,58.4312
2019-06-07,59.1712
2019-06-10,59.4812
2019-06-11,59.6912
2019-06-12,59.3312
2019-06-13,59.5412
2019-06-14,59.1912
2019-06-17,59.292
2019-06-18,60.192
2019-06-19,60.542
2019-06-20,61.272
2019-06-21,61.002
2019-06-24,60.972
2019-06-25,60.322
2019-06-26,60.362
2019-06-27,60.692
2019-06-28,61.032
2019-07-01,61.682
2019-07-02,61.792
2019-07-03,62.282
2019-07-05,61.982
2019-07-08,61.622
2019-07-09,61.502
2019-07-10,61.872
2019-07-11,61.912
2019-07-12,62.172
2019-07-15,62.192
2019-07-16,61.932
2019-07-17,61.572
2019-07-18,61.882
2019-07-19,61.582
2019-07-22,61.662
2019-07-23,62.152
2019-07-24,62.402
2019-07-25,61.852
2019-07-26,62.232
2019-07-29,62.162
2019-07-30,61.722
2019-07-31,61.032
2019-08-01,60.432
2019-08-02,59.742
2019-08-05,57.682
2019-08-06,58.482
2019-08-07,58.692
2019-08-08,59.822
2019-08-09,59.252
2019-08-12,58.462
2019-08-13,59.402
2019-08-14,57.252
2019-08-15,57.512
2019-08-16,58.502
2019-08-19,59.122
2019-08-20,58.722
2019-08-21,59.332
2019-08-22,59.182
2019-08-23,57.672
2019-08-26,58.372
2019-08-27,58.142
2019-08-28,58.512
2019-08-29,59.322
2019-08-30,59.452
2019-09-03,59.062
2019-09-04,59.962
2019-09-05,60.802
2019-09-06,60.932
2019-09-09,60.992
2019-09-10,61.022
2019-09-11,61.552
2019-09-12,61.892
2019-09-13,62.042
2019-09-16,61.762
2019-09-17,61.912
2019-09-18,61.852
2019-09-19,61.902
2019-09-20,61.652
2019-09-23,61.632
2019-09-24,61.1368
2019-09-25,61.2968
2019-09-26,61.3268
2019-09-27,60.8568
2019-09-30,61.1268
2019-10-01,60.3268
2019-10-02,59.1068
2019-10-03,59.6668
2019-10-04,60.4468
2019-10-07,60.2068
2019-10-08,59.2368
2019-10-09,59.8468
2019-10-10,60.3568
2019-10-11,61.3468
2019-10-14,61.1568
2019-10-15,61.9368
2019-10-16,61.8968
2019-10-17,62.1068
2019-10-18,61.8768
2019-10-21,62.4068
2019-10-22,62.1968
2019-10-23,62.4168
2019-10-24,62.5768
2019-10-25,62.8668
2019-10-28,63.2768
2019-10-29,63.2068
2019-10-30,63.4468
2019-10-31,63.2168
2019-11-01,63.9768
2019-11-04,64.3468
2019-11-05,64.3568
2019-11-06,64.3468
2019-11-07,64.5968
2019-11-08,64.6568
2019-11-11,64.4568
2019-11-12,64.5168
2019-11-13,64.3768
2019-11-14,64.3968
2019-11-15,64.9468
2019-11-18,64.9768
2019-11-19,64.9968
2019-11-20,64.6068
2019-11-21,64.5168
2019-11-22,64.6868
2019-11-25,65.2868
2019-11-26,65.3568
2019-11-27,65.6768
2019-11-29,65.1868
2019-12-02,64.6268
2019-12-03,64.2168
2019-12-04,64.8068
2019-12-05,64.8768
2019-12-06,65.5768
2019-12-09,65.3068
2019-12-10,65.2368
2019-12-11,65.5768
2019-12-12,66.3068
2019-12-13,66.4468
2019-12-16,67.1268
2019-12-17,67.0968
2019-12-18,67.1268
2019-12-19,67.3368
2019-12-20,67.5768
2019-12-23,67.6877
2019-12-24,67.6577
2019-12-26,68.0277
2019-12-27,68.1277
2019-12-30,67.6477
2019-12-31,67.9077
2020-01-02,68.7277
2020-01-03,67.9877
2020-01-06,68.2877
2020-01-07,68.0377
2020-01-08,68.3677
2020-01-09,68.7677
2020-01-10,68.5977
2020-01-13,69.1777
2020-01-14,69.1477
2020-01-15,69.1577
2020-01-16,69.7477
2020-01-17,69.9977
2020-01-21,69.4677
2020-01-22,69.5777
2020-01-23,69.4877
2020-01-24,68.8377
2020-01-27,67.3177
2020-01-28,68.1077
2020-01-29,68.0277
2020-01-30,68.0277
2020-01-31,66.6477
2020-02-03,67.0877
2020-02-04,68.4077
2020-02-05,69.1477
2020-02-06,69.4077
2020-02-07,68.7377
2020-02-10,69.1677
2020-02-11,69.5777
2020-02-12,70.0877
2020-02-13,69.7877
2020-02-14,69.8477
2020-02-18,69.4877
2020-02-19,69.9277
2020-02-20,69.4677
2020-02-21,68.7977
2020-02-24,65.9877
2020-02-25,64.1077
2020-02-26,63.9777
2020-02-27,61.1277
2020-02-28,60.8877
2020-03-02,62.9177
2020-03-03,61.4477
2020-03-04,63.9377
2020-03-05,61.7377
2020-03-06,60.4177
2020-03-09,54.6177
2020-03-10,57.6877
2020-03-11,54.1877
2020-03-12,47.3077
2020-03-13,52.1177
2020-03-16,44.5277
2020-03-17,47.8377
2020-03-18,43.9577
2020-03-19,44.5177
2020-03-20,42.9477
2020-03-23,41.6182
2020-03-24,46.5982
2020-03-25,47.9582
2020-03-26,51.0382
2020-03-27,48.9082
2020-03-30,50.5482
2020-03-31,49.9382
2020-04-01,47.1682
2020-04-02,48.3982
2020-04-03,47.3282
2020-04-06,51.0182
2020-04-07,51.2582
2020-04-08,52.7982
2020-04-09,54.0182
2020-04-13,53.4182
2020-04-14,55.0082
2020-04-15,53.2382
2020-04-16,53.4982
2020-04-17,55.2482
2020-04-20,54.2282
2020-04-21,52.3282
2020-04-22,53.7582
2020-04-23,53.7082
2020-04-24,54.4382
2020-04-27,55.5782
2020-04-28,55.5782
2020-04-29,57.5282
2020-04-30,56.4482
2020-05-01,54.6482
2020-05-04,54.8482
2020-05-05,55.3282
2020-05-06,54.9282
2020-05-07,55.8482
2020-05-08,57.0582
2020-05-11,57.0482
2020-05-12,55.8482
2020-05-13,54.8882
2020-05-14,55.1982
2020-05-15,55.3282
2020-05-18,57.7282
2020-05-19,57.0182
2020-05-20,58.2282
2020-05-21,57.6182
2020-05-22,57.5482
2020-05-26,58.8882
2020-05-27,59.8582
2020-05-28,59.8982
2020-05-29,60.0582
2020-06-01,60.9982
2020-06-02,61.8182
2020-06-03,63.1482
2020-06-04,62.7782
2020-06-05,64.5982
2020-06-08,65.5682
2020-06-09,64.7482
2020-06-10,64.5182
2020-06-11,60.1082
2020-06-12,61.2082
2020-06-15,61.6582
2020-06-16,62.9282
2020-06-17,62.8182
2020-06-18,62.7482
2020-06-19,62.3982
2020-06-22,63.4182
2020-06-23,63.7282
2020-06-24,61.9082
2020-06-25,62.7382
2020-06-26,61.2982
2020-06-29,62.1782
2020-06-30,62.6582
2020-07-01,63.1582
2020-07-02,63.8382
2020-07-06,65.2382
2020-07-07,64.3282
2020-07-08,65.0882
2020-07-09,64.5982
2020-07-10,65.2182
2020-07-13,64.5982
2020-07-14,65.4982
2020-07-15,66.3182
2020-07-16,65.8782
2020-07-17,66.1582
2020-07-20,66.7882
2020-07-21,67.0882
2020-07-22,67.4082
2020-07-23,66.5682
2020-07-24,66.1482
2020-07-27,66.9882
2020-07-28,66.4482
2020-07-29,67.4482
2020-07-30,66.9282
2020-07-31,66.6182
2020-08-03,67.5382
2020-08-04,67.9382
2020-08-05,68.4782
2020-08-06,68.8282
2020-08-07,68.5482
2020-08-10,68.7682
2020-08-11,68.5182
2020-08-12,69.7282
2020-08-13,69.5082
2020-08-14,69.3582
2020-08-17,69.8582
2020-08-18,69.9282
2020-08-19,69.5182
2020-08-20,69.5382
2020-08-21,69.6182
2020-08-24,70.4682
2020-08-25,70.7582
2020-08-26,71.4082
2020-08-27,71.2182
2020-08-28,71.8282
2020-08-31,71.3482
2020-09-01,71.9782
2020-09-02,72.9282
2020-09-03,70.3782
2020-09-04,70.0682
2020-09-08,68.1682
2020-09-09,69.6382
2020-09-10,68.4882
2020-09-11,68.8082
2020-09-14,69.8282
2020-09-15,70.3082
2020-09-16,70.1682
2020-09-17,69.7282
2020-09-18,69.0082
2020-09-21,67.8307
2020-09-22,68.2007
2020-09-23,66.6607
2020-09-24,66.7007
2020-09-25,67.5607
2020-09-28,68.8107
2020-09-29,68.5207
2020-09-30,68.9007
2020-10-01,69.5507
2020-10-02,69.0307
2020-10-05,70.3607
2020-10-06,69.5207
2020-10-07,70.6707
2020-10-08,71.3507
2020-10-09,71.9807
2020-10-12,72.9007
2020-10-13,72.3507
2020-10-14,71.9807
2020-10-15,71.5807
2020-10-16,71.6207
2020-10-19,70.8307
2020-10-20,71.2207
2020-10-21,71.0107
2020-10-22,71.3307
2020-10-23,71.7107
2020-10-26,70.2307
2020-10-27,69.8807
2020-10-28,67.3507
2020-10-29,68.0407
2020-10-30,67.2507
2020-11-02,68.2307
2020-11-03,69.7407
2020-11-04,71.2707
2020-11-05,73.0307
2020-11-06,73.1307
2020-11-09,74.4907
2020-11-10,74.5507
2020-11-11,75.1007
2020-11-12,74.1807
2020-11-13,75.3907
2020-11-16,76.5007
2020-11-17,76.3207
2020-11-18,75.5607
2020-11-19,76.1007
2020-11-20,75.9607
2020-11-23,76.3907
2020-11-24,77.7307
2020-11-25,77.5907
2020-11-27,78.0307
2020-11-30,77.0207
2020-12-01,78.3407
2020-12-02,78.4007
2020-12-03,78.7007
2020-12-04,79.5707
2020-12-07,79.2807
2020-12-08,79.5707
2020-12-09,79.0107
2020-12-10,79.2707
2020-12-11,79.0307
2020-12-14,78.8307
2020-12-15,80.0007
2020-12-16,80.2207
2020-12-17,80.8107
2020-12-18,80.5207
2020-12-21,79.8631
2020-12-22,79.7731
2020-12-23,80.1931
2020-12-24,80.4031
2020-12-28,80.8231
2020-12-29,81.0031
2020-12-30,81.3231
2020-12-31,81.3931
2021-01-04,80.8631
2021-01-05,81.8731
2021-01-06,82.5331
2021-01-07,83.4831
2021-01-08,84.3431
2021-01-11,83.4831
2021-01-12,83.8431
2021-01-13,83.9231
2021-01-14,84.0831
2021-01-15,83.0931
2021-01-19,83.9131
2021-01-20,85.0631
2021-01-21,85.0931
2021-01-22,84.6431
2021-01-25,84.8531
2021-01-26,84.5731
2021-01-27,82.2731
2021-01-28,83.0331
2021-01-29,81.1831
2021-02-01,82.7631
2021-02-02,84.0631
2021-02-03,84.2131
2021-02-04,84.8731
2021-02-05,85.4631
2021-02-08,86.1331
2021-02-09,86.4331
2021-02-10,86.4231
2021-02-11,86.9231
2021-02-12,87.3931
2021-02-16,87.5231
2021-02-17,87.2031
2021-02-18,86.6731
2021-02-19,86.9231
2021-02-22,85.8731
2021-02-23,86.0531
2021-02-24,86.6731
2021-02-25,84.4431
2021-02-26,83.6531
2021-03-01,85.9031
2021-03-02,85.2731
2021-03-03,84.2531
2021-03-04,82.8631
2021-03-05,84.1531
2021-03-08,83.4731
2021-03-09,84.9431
2021-03-10,85.3931
2021-03-11,86.6331
2021-03-12,86.6431
2021-03-15,87.0531
2021-03-16,86.9731
2021-03-17,87.3931
2021-03-18,85.9531
2021-03-19,86.0531
2021-03-22,86.4862
2021-03-23,85.2762
2021-03-24,84.5062
2021-03-25,85.0562
2021-03-26,86.5562
2021-03-29,86.1862
2021-03-30,86.1662
2021-03-31,86.3562
2021-04-01,87.6362
2021-04-05,88.7662
2021-04-06,88.5562
2021-04-07,88.4062
2021-04-08,89.0362
2021-04-09,89.4062
2021-04-12,89.1962
2021-04-13,89.5762
2021-04-14,89.5362
2021-04-15,90.5062
2021-04-16,90.8962
2021-04-19,90.4362
2021-04-20,89.2962
2021-04-21,90.3162
2021-04-22,89.6762
2021-04-23,90.8462
2021-04-26,91.1462
2021-04-27,91.0362
2021-04-28,91.2262
2021-04-29,91.4562
2021-04-30,90.3762
2021-05-03,90.8462
2021-05-04,89.8562
2021-05-05,90.3062
2021-05-06,90.9762
2021-05-07,91.9362
2021-05-10,90.8962
2021-05-11,90.0062
2021-05-12,87.8262
2021-05-13,88.7462
2021-05-14,90.3562
2021-05-17,90.1562
2021-05-18,89.9762
2021-05-19,89.4462
2021-05-20,90.5962
2021-05-21,90.4562
2021-05-24,91.2662
2021-05-25,91.2862
2021-05-26,91.5362
2021-05-27,91.6862
2021-05-28,91.9762
2021-06-01,92.3662
2021-06-02,92.5162
2021-06-03,91.9462
2021-06-04,92.9262
2021-06-07,92.9962
2021-06-08,92.9662
2021-06-09,92.6962
2021-06-10,93.2062
2021-06-11,93.3962
2021-06-14,93.5762
2021-06-15,93.3662
2021-06-16,92.6862
2021-06-17,92.4162
2021-06-18,90.8862
2021-06-21,92.2811
2021-06-22,92.5411
2021-06-23,92.3911
2021-06-24,93.1411
2021-06-25,93.5511
2021-06-28,93.4411
2021-06-29,93.4611
2021-06-30,93.1811
2021-07-01,93.5611
2021-07-02,94.0011
2021-07-06,93.4711
2021-07-07,93.7311
2021-07-08,92.5411
2021-07-09,94.0611
2021-07-12,94.3111
2021-07-13,93.8211
2021-07-14,93.9011
2021-07-15,93.4511
2021-07-16,92.6511
2021-07-19,91.0911
2021-07-20,92.3111
2021-07-21,93.3611
2021-07-22,93.4711
2021-07-23,94.1511
2021-07-26,94.0311
2021-07-27,93.3511
2021-07-28,93.9011
2021-07-29,94.4111
2021-07-30,93.8211
2021-08-02,93.9011
2021-08-03,94.6711
2021-08-04,94.3311
2021-08-05,94.8511
2021-08-06,94.7611
2021-08-09,94.7111
2021-08-10,94.7911
2021-08-11,95.2111
2021-08-12,95.2111
2021-08-13,95.4511
2021-08-16,95.2111
2021-08-17,94.2211
2021-08-18,93.5211
2021-08-19,92.9811
2021-08-20,93.6111
2021-08-23,94.7011
2021-08-24,95.2711
2021-08-25,95.4611
2021-08-26,94.7611
2021-08-27,95.8811
2021-08-30,96.1311
2021-08-31,96.1811
2021-09-01,96.7011
2021-09-02,97.0311
2021-09-03,97.2211
2021-09-07,96.9311
2021-09-08,96.3911
2021-09-09,96.1111
2021-09-10,95.5711
2021-09-13,95.9511
2021-09-14,95.3211
2021-09-15,95.9611
2021-09-16,95.7211
2021-09-17,94.6711
2021-09-20,92.7831
2021-09-21,93.1031
2021-09-22,94.0931
2021-09-23,95.2631
2021-09-24,94.8831
2021-09-27,94.8131
2021-09-28,92.6331
2021-09-29,92.5131
2021-09-30,91.8131
2021-10-01,92.6331
2021-10-04,91.4331
2021-10-05,92.2231
2021-10-06,92.2231
2021-10-07,93.2331
2021-10-08,93.1331
2021-10-11,92.5931
2021-10-12,92.5131
2021-10-13,93.2431
2021-10-14,94.6731
2021-10-15,95.4131
2021-10-18,95.5131
2021-10-19,96.2731
2021-10-20,96.6631
2021-10-21,96.6131
2021-10-22,96.6731
2021-10-25,97.0231
2021-10-26,96.9731
2021-10-27,96.3431
2021-10-28,97.3031
2021-10-29,97.0531
2021-11-01,97.7131
2021-11-02,97.7331
2021-11-03,98.4531
2021-11-04,98.6331
2021-11-05,98.9831
2021-11-08,99.2131
2021-11-09,98.9131
2021-11-10,97.8631
2021-11-11,98.2031
2021-11-12,98.9231
2021-11-15,98.8631
2021-11-16,99.0531
2021-11-17,98.6531
2021-11-18,98.6931
2021-11-19,98.2031
2021-11-22,97.5831
2021-11-23,97.5631
2021-11-24,97.6231
2021-11-26,94.9131
2021-11-29,95.8431
2021-11-30,94.2531
2021-12-01,93.1531
2021-12-02,94.7431
2021-12-03,93.7731
2021-12-06,94.9131
2021-12-07,97.0831
2021-12-08,97.4831
2021-12-09,96.5231
2021-12-10,97.0631
2021-12-13,95.9831
2021-12-14,95.3231
2021-12-15,96.6531
2021-12-16,96.0531
2021-12-17,95.0831
2021-12-20,94.1281
2021-12-21,95.8781
2021-12-22,96.8481
2021-12-23,97.5281
2021-12-27,98.6581
2021-12-28,98.5381
2021-12-29,98.5781
2021-12-30,98.4881
2021-12-31,98.1981
2022-01-03,98.8181
2022-01-04,98.8581
2022-01-05,97.0181
2022-01-06,96.9181
2022-01-07,96.7681
2022-01-10,96.4181
2022-01-11,97.6381
2022-01-12,98.2281
2022-01-13,96.8981
2022-01-14,96.8881
2022-01-18,95.0681
2022-01-19,94.4781
2022-01-20,93.6281
2022-01-21,91.8781
2022-01-24,91.7481
2022-01-25,90.7481
2022-01-26,90.2981
2022-01-27,89.5481
2022-01-28,91.1781
2022-01-31,93.2781
2022-02-01,94.0881
2022-02-02,94.6981
2022-02-03,92.6881
2022-02-04,93.1381
2022-02-07,93.0181
2022-02-08,93.7981
2022-02-09,95.4781
2022-02-10,93.9681
2022-02-11,92.1781
2022-02-14,91.6681
2022-02-15,93.4381
2022-02-16,93.7481
2022-02-17,91.7581
2022-02-18,91.0481
2022-02-22,89.8581
2022-02-23,88.4781
2022-02-24,88.8881
2022-02-25,91.0581
2022-02-28,90.4381
2022-03-01,88.7781
2022-03-02,90.2381
2022-03-03,89.1981
2022-03-04,87.7581
2022-03-07,84.6681
2022-03-08,84.5681
2022-03-09,87.3981
2022-03-10,86.6481
2022-03-11,85.4281
2022-03-14,84.8381
2022-03-15,86.3281
2022-03-16,89.3581
2022-03-17,90.3881
2022-03-18,91.4481
2022-03-21,91.1953
2022-03-22,92.3353
2022-03-23,91.0953
2022-03-24,92.2253
2022-03-25,92.4553
2022-03-28,92.7853
2022-03-29,94.4353
2022-03-30,93.8653
2022-03-31,92.3153
2022-04-01,92.9653
2022-04-04,93.7953
2022-04-05,92.3153
2022-04-06,91.1853
2022-04-07,91.4153
2022-04-08,91.1753
2022-04-11,89.7753
2022-04-12,89.3653
2022-04-13,90.5753
2022-04-14,89.6253
2022-04-18,89.3453
2022-04-19,90.4653
2022-04-20,90.5453
2022-04-21,89.0253
2022-04-22,86.8053
2022-04-25,86.9153
2022-04-26,84.2953
2022-04-27,84.6453
2022-04-28,86.5853
2022-04-29,84.1153
2022-05-02,84.4153
2022-05-03,84.9153
2022-05-04,87.1653
2022-05-05,83.8853
2022-05-06,82.9653
2022-05-09,79.9153
2022-05-10,80.2253
2022-05-11,79.0853
2022-05-12,78.9553
2022-05-13,81.3853
2022-05-16,81.0953
2022-05-17,82.9553
2022-05-18,79.8953
2022-05-19,80.1253
2022-05-20,80.3753
2022-05-23,81.7753
2022-05-24,81.0053
2022-05-25,81.6453
2022-05-26,83.1753
2022-05-27,85.0353
2022-05-31,84.5753
2022-06-01,83.8753
2022-06-02,85.7553
2022-06-03,84.2353
2022-06-06,84.5953
2022-06-07,85.2853
2022-06-08,84.3553
2022-06-09,82.2453
2022-06-10,79.8553
2022-06-13,76.5453
2022-06-14,76.2753
2022-06-15,77.6253
2022-06-16,74.9053
2022-06-17,74.9953
2022-06-21,76.7431
2022-06-22,76.2631
2022-06-23,76.7731
2022-06-24,79.3331
2022-06-27,79.1131
2022-06-28,77.8731
2022-06-29,77.6131
2022-06-30,76.9631
2022-07-01,77.4931
2022-07-05,77.0431
2022-07-06,77.0931
2022-07-07,78.4531
2022-07-08,78.4231
2022-07-11,77.1331
2022-07-12,76.6431
2022-07-13,76.3431
2022-07-14,75.6931
2022-07-15,77.1031
2022-07-18,76.9531
2022-07-19,79.1331
2022-07-20,79.4231
2022-07-21,80.3531
2022-07-22,79.5931
2022-07-25,79.9231
2022-07-26,78.8531
2022-07-27,80.9631
2022-07-28,81.8331
2022-07-29,82.9231
2022-08-01,82.7031
2022-08-02,81.9931
2022-08-03,83.0631
2022-08-04,83.2131
2022-08-05,83.0031
2022-08-08,83.1331
2022-08-09,82.6431
2022-08-10,84.6531
2022-08-11,84.7131
2022-08-12,85.9731
2022-08-15,85.9931
2022-08-16,86.1031
2022-08-17,85.3531
2022-08-18,85.3631
2022-08-19,84.0531
2022-08-22,82.3431
2022-08-23,82.3031
2022-08-24,82.6031
2022-08-25,83.9231
2022-08-26,81.1831
2022-08-29,80.6931
2022-08-30,79.7931
2022-08-31,79.2231
2022-09-01,78.9031
2022-09-02,78.1631
2022-09-06,77.7431
2022-09-07,78.9931
2022-09-08,79.4031
2022-09-09,81.0731
2022-09-12,82.1331
2022-09-13,78.5831
2022-09-14,78.9431
2022-09-15,78.0531
2022-09-16,77.3331
2022-09-19,77.8557
2022-09-20,76.7357
2022-09-21,75.3957
2022-09-22,74.7457
2022-09-23,72.8557
2022-09-26,71.8857
2022-09-27,71.6157
2022-09-28,73.2757
2022-09-29,71.7457
2022-09-30,70.9057
2022-10-03,72.8557
2022-10-04,75.5957
2022-10-05,75.1957
2022-10-06,74.2657
2022-10-07,72.2757
2022-10-10,71.5957
2022-10-11,70.8957
2022-10-12,70.6957
2022-10-13,72.3857
2022-10-14,70.7057
2022-10-17,72.7757
2022-10-18,73.5557
2022-10-19,72.6957
2022-10-20,72.3157
2022-10-21,73.9857
2022-10-24,74.1457
2022-10-25,75.6557
2022-10-26,75.6757
2022-10-27,75.2057
2022-10-28,76.5357
2022-10-31,75.9357
2022-11-01,76.1057
2022-11-02,74.3357
2022-11-03,73.7057
2022-11-04,75.6157
2022-11-07,76.1657
2022-11-08,76.7657
2022-11-09,75.1357
2022-11-10,79.6357
2022-11-11,80.9157
2022-11-14,80.0557
2022-11-15,80.9457
2022-11-16,80.1957
2022-11-17,79.9857
2022-11-18,80.1957
2022-11-21,79.6757
2022-11-22,80.8057
2022-11-23,81.4857
2022-11-25,81.5857
2022-11-28,80.2957
2022-11-29,80.4757
2022-11-30,82.8857
2022-12-01,83.0957
2022-12-02,83.0457
2022-12-05,81.4757
2022-12-06,80.5257
2022-12-07,80.3757
2022-12-08,81.0457
2022-12-09,80.5857
2022-12-12,81.4057
2022-12-13,82.2357
2022-12-14,81.8657
2022-12-15,79.6457
2022-12-16,78.8257
2022-12-19,78.3038
2022-12-20,78.5038
2022-12-21,79.6238
2022-12-22,78.5738
2022-12-23,78.9738
2022-12-27,78.9638
2022-12-28,77.8838
2022-12-29,79.3538
2022-12-30,78.8538
2023-01-03,78.9038
2023-01-04,79.9638
2023-01-05,79.0638
2023-01-06,81.0438
2023-01-09,81.2538
2023-01-10,81.7338
2023-01-11,82.6338
2023-01-12,83.2738
2023-01-13,83.7438
2023-01-17,83.7238
2023-01-18,82.7438
2023-01-19,82.3438
2023-01-20,83.7338
2023-01-23,84.5938
2023-01-24,84.5038
2023-01-25,84.6738
2023-01-26,85.4538
2023-01-27,85.5138
2023-01-30,84.3838
2023-01-31,85.4438
2023-02-01,86.4538
2023-02-02,87.2138
2023-02-03,86.1638
2023-02-06,85.3238
2023-02-07,86.3138
2023-02-08,85.5438
2023-02-09,85.0838
2023-02-10,84.9138
2023-02-13,85.9338
2023-02-14,85.9938
2023-02-15,86.0438
2023-02-16,85.1538
2023-02-17,84.9438
2023-02-21,83.3838
2023-02-22,83.0838
2023-02-23,83.5638
2023-02-24,82.3838
2023-02-27,82.8838
2023-02-28,82.4938
2023-03-01,82.6738
2023-03-02,83.1438
2023-03-03,84.4438
2023-03-06,84.3038
2023-03-07,82.9038
2023-03-08,83.1438
2023-03-09,81.6538
2023-03-10,80.4238
2023-03-13,80.1438
2023-03-14,81.3038
2023-03-15,79.9438
2023-03-16,81.3938
2023-03-17,80.3438
2023-03-20,81.289
2023-03-21,82.449
2023-03-22,81.419
2023-03-23,81.629
2023-03-24,81.849
2023-03-27,82.189
2023-03-28,82.279
2023-03-29,83.379
2023-03-30,84.079
2023-03-31,85.039
2023-04-03,85.469
2023-04-04,85.079
2023-04-05,84.629
2023-04-06,84.929
2023-04-10,85.039
2023-04-11,85.259
2023-04-12,85.129
2023-04-13,86.339
2023-04-14,86.049
2023-04-17,86.269
2023-04-18,86.429
2023-04-19,86.209
2023-04-20,85.869
2023-04-21,85.899
2023-04-24,85.999
2023-04-25,84.479
2023-04-26,84.279
2023-04-27,85.799
2023-04-28,86.349
2023-05-01,86.239
2023-05-02,85.189
2023-05-03,84.869
2023-05-04,84.549
2023-05-05,86.109
2023-05-08,86.159
2023-05-09,85.779
2023-05-10,85.969
2023-05-11,85.749
2023-05-12,85.489
2023-05-15,86.119
2023-05-16,85.319
2023-05-17,86.189
2023-05-18,86.689
2023-05-19,86.699
2023-05-22,86.849
2023-05-23,85.669
2023-05-24,84.839
2023-05-25,85.119
2023-05-26,86.239
2023-05-30,85.909
2023-05-31,85.219
2023-06-01,86.369
2023-06-02,87.829
2023-06-05,87.509
2023-06-06,88.069
2023-06-07,87.659
2023-06-08,88.239
2023-06-09,88.349
2023-06-12,88.989
2023-06-13,89.739
2023-06-14,89.889
2023-06-15,91.009
2023-06-16,90.729
2023-06-20,89.7694
2023-06-21,89.4694
2023-06-22,89.4294
2023-06-23,88.3794
2023-06-26,88.3194
2023-06-27,89.2894
2023-06-28,89.3394
2023-06-29,89.5194
2023-06-30,90.5794
2023-07-03,90.8894
2023-07-05,90.3394
2023-07-06,89.1494
2023-07-07,89.3994
2023-07-10,89.6994
2023-07-11,90.5294
2023-07-12,91.6594
2023-07-13,92.7894
2023-07-14,92.4294
2023-07-17,92.7094
2023-07-18,93.3094
2023-07-19,93.3994
2023-07-20,92.7194
2023-07-21,92.7594
2023-07-24,93.1194
2023-07-25,93.4194
2023-07-26,93.5994
2023-07-27,92.9394
2023-07-28,93.9694
2023-07-31,94.1894
2023-08-01,93.5794
2023-08-02,91.9094
2023-08-03,91.6994
2023-08-04,91.5194
2023-08-07,92.2394
2023-08-08,91.6294
2023-08-09,91.2294
2023-08-10,91.3794
2023-08-11,91.0294
2023-08-14,91.1094
2023-08-15,89.9594
2023-08-16,89.2294
2023-08-17,88.5994
2023-08-18,88.5394
2023-08-21,89.0094
2023-08-22,88.8094
2023-08-23,89.8994
2023-08-24,88.6994
2023-08-25,89.2494
2023-08-28,90.0394
2023-08-29,91.3394
2023-08-30,91.5794
2023-08-31,91.3294
2023-09-01,91.6694
2023-09-05,91.0494
2023-09-06,90.4894
2023-09-07,90.0894
2023-09-08,90.1294
2023-09-11,90.9094
2023-09-12,90.4994
2023-09-13,90.3894
2023-09-14,91.3694
2023-09-15,90.5594
2023-09-18,90.4449
2023-09-19,90.2649
2023-09-20,89.6049
2023-09-21,88.0349
2023-09-22,88.0149
2023-09-25,88.1149
2023-09-26,86.7949
2023-09-27,86.8049
2023-09-28,87.4449
2023-09-29,87.1849
2023-10-02,86.6849
2023-10-03,85.4249
2023-10-04,85.8049
2023-10-05,86.0249
2023-10-06,87.0449
2023-10-09,87.3249
2023-10-10,88.1549
2023-10-11,88.5849
2023-10-12,87.7449
2023-10-13,87.1249
2023-10-16,88.0749
2023-10-17,88.0749
2023-10-18,86.6449
2023-10-19,85.8449
2023-10-20,84.7949
2023-10-23,84.6249
2023-10-24,85.3149
2023-10-25,84.1249
2023-10-26,83.3649
2023-10-27,82.9749
2023-10-30,84.0249
2023-10-31,84.4649
2023-11-01,85.3549
2023-11-02,87.2149
2023-11-03,88.3549
2023-11-06,88.3449
2023-11-07,88.2849
2023-11-08,88.2249
2023-11-09,87.6249
2023-11-10,88.7249
2023-11-13,88.7149
2023-11-14,90.9049
2023-11-15,91.0949
2023-11-16,90.9149
2023-11-17,91.4549
2023-11-20,92.0949
2023-11-21,91.8349
2023-11-22,92.0749
2023-11-24,92.3349
2023-11-27,92.1449
2023-11-28,92.3049
2023-11-29,92.3249
2023-11-30,92.6149
2023-12-01,93.4649
2023-12-04,92.8549
2023-12-05,92.6349
2023-12-06,92.4549
2023-12-07,93.1149
2023-12-08,93.3949
2023-12-11,93.7649
2023-12-12,94.0149
2023-12-13,95.4949
2023-12-14,96.2849
2023-12-15,95.8149
2023-12-18,96.2157
2023-12-19,96.9757
2023-12-20,95.5757
2023-12-21,96.8757
2023-12-22,97.0257
2023-12-26,97.5357
2023-12-27,97.8357
2023-12-28,97.9057
2023-12-29,97.6857
2024-01-02,96.8157
2024-01-03,95.9357
2024-01-04,95.8157
2024-01-05,95.9357
2024-01-08,97.1557
2024-01-09,96.6557
2024-01-10,97.1557
2024-01-11,97.1157
2024-01-12,97.2757
2024-01-16,96.2857
2024-01-17,95.4857
2024-01-18,96.3457
2024-01-19,97.2657
2024-01-22,97.5057
2024-01-23,97.6657
2024-01-24,97.9357
2024-01-25,98.3857
2024-01-26,98.4557
2024-01-29,99.1957
2024-01-30,98.9557
2024-01-31,97.6857
2024-02-01,98.8857
2024-02-02,99.2757
2024-02-05,98.7757
2024-02-06,99.3557
2024-02-07,99.8857
2024-02-08,99.9257
2024-02-09,100.5057
2024-02-12,100.6457
2024-02-13,98.9757
2024-02-14,100.1357
2024-02-15,101.0357
2024-02-16,100.7857
2024-02-20,100.4957
2024-02-21,100.5257
2024-02-22,102.2457
2024-02-23,102.3257
2024-02-26,102.0457
2024-02-27,102.2757
2024-02-28,101.8657
2024-02-29,102.3057
2024-03-01,103.2657
2024-03-04,103.0957
2024-03-05,102.2657
2024-03-06,103.1257
2024-03-07,104.2357
2024-03-08,103.7157
2024-03-11,103.4657
2024-03-12,104.5157
2024-03-13,104.3357
2024-03-14,103.8457
2024-03-15,103.3669
2024-03-18,103.7669
2024-03-19,104.1469
2024-03-20,105.2269
2024-03-21,105.5569
2024-03-22,105.2169
2024-03-25,104.9969
2024-03-26,104.8669
2024-03-27,105.6869
2024-03-28,105.7269
2024-04-01,105.4369
2024-04-02,104.7969
2024-04-03,105.0769
2024-04-04,103.9469
2024-04-05,104.8369
2024-04-08,105.0769
2024-04-09,105.2469
2024-04-10,103.9869
2024-04-11,104.6069
2024-04-12,102.8369
2024-04-15,101.8269
2024-04-16,101.2169
2024-04-17,100.8169
2024-04-18,100.6569
2024-04-19,100.1669
2024-04-22,101.1469
2024-04-23,102.3569
2024-04-24,102.3269
2024-04-25,101.9869
2024-04-26,102.9469
2024-04-29,103.4169
2024-04-30,101.7669
2024-05-01,101.5669
2024-05-02,102.8669
2024-05-03,104.0169
2024-05-06,104.9869
2024-05-07,105.0169
2024-05-08,104.9469
2024-05-09,105.6269
2024-05-10,105.8069
2024-05-13,105.7869
2024-05-14,106.4669
2024-05-15,107.7569
2024-05-16,107.3969
2024-05-17,107.7069
2024-05-20,107.7769
2024-05-21,107.7669
2024-05-22,107.1969
2024-05-23,106.3969
2024-05-24,107.2169
2024-05-28,107.1269
2024-05-29,105.9069
2024-05-30,105.8369
2024-05-31,106.6669
2024-06-03,106.7769
2024-06-04,106.5569
2024-06-05,107.7069
2024-06-06,107.7869
2024-06-07,107.2369
2024-06-10,107.4969
2024-06-11,107.3069
2024-06-12,108.3969
2024-06-13,107.9969
2024-06-14,107.6369
2024-06-17,108.3669
2024-06-18,108.7369
2024-06-20,108.5369
2024-06-21,108.2348
2024-06-24,108.3548
2024-06-25,108.5748
2024-06-26,108.4048
2024-06-27,108.6148
2024-06-28,108.4348
2024-07-01,108.5848
2024-07-02,109.1148
2024-07-03,109.9848
2024-07-05,110.5148
2024-07-08,110.4848
2024-07-09,110.4648
2024-07-10,111.6748
2024-07-11,111.4448
2024-07-12,112.2248
2024-07-15,112.1948
2024-07-16,113.0548
2024-07-17,111.6048
2024-07-18,110.6248
2024-07-19,109.8648
2024-07-22,111.0048
2024-07-23,110.6448
2024-07-24,108.4348
2024-07-25,108.0548
2024-07-26,109.3448
2024-07-29,109.1948
2024-07-30,108.9048
2024-07-31,110.6648
2024-08-01,108.5848
2024-08-02,106.5148
2024-08-05,103.5248
2024-08-06,104.3348
2024-08-07,104.0548
2024-08-08,106.3648
2024-08-09,106.8248
2024-08-12,106.8448
2024-08-13,108.5748
2024-08-14,108.8548
2024-08-15,110.5248
2024-08-16,110.9748
2024-08-19,112.1548
2024-08-20,111.8348
2024-08-21,112.5048
2024-08-22,111.5248
2024-08-23,113.2048
2024-08-26,112.6648
2024-08-27,113.0048
2024-08-28,112.3248
2024-08-29,112.4948
2024-08-30,113.3448
2024-09-03,111.0348
2024-09-04,110.7848
2024-09-05,110.5848
2024-09-06,108.6348
2024-09-09,109.7948
2024-09-10,109.9148
2024-09-11,110.8448
2024-09-12,111.8348
2024-09-13,112.4448
2024-09-16,112.8948
2024-09-17,112.8248
2024-09-18,112.4948
2024-09-19,114.5648
2024-09-20,114.1222
2024-09-23,114.5022
2024-09-24,115.3022
2024-09-25,114.7122
2024-09-26,116.1822
2024-09-27,115.8322
2024-09-30,115.9222
2024-10-01,115.1622
2024-10-02,115.3422
2024-10-03,114.6822
2024-10-04,115.7322
2024-10-07,115.0122
2024-10-08,115.2122
2024-10-09,115.6822
2024-10-10,115.4922
2024-10-11,116.3122
2024-10-14,116.9122
2024-10-15,115.6722
2024-10-16,116.2622
2024-10-17,116.2022
2024-10-18,116.7922
2024-10-21,116.1722
2024-10-22,115.8822
2024-10-23,114.8422
2024-10-24,115.1522
2024-10-25,114.9522
2024-10-28,115.5722
2024-10-29,115.4722
2024-10-30,115.0322
2024-10-31,113.3122
2024-11-01,113.7822
2024-11-04,113.7222
2024-11-05,115.1422
2024-11-06,116.7022
2024-11-07,117.9722
2024-11-08,117.6322
2024-11-11,117.7722
2024-11-12,116.8022
2024-11-13,116.5522
2024-11-14,115.9322
2024-11-15,114.7422
2024-11-18,115.4422
2024-11-19,115.7522
2024-11-20,115.7222
2024-11-21,116.2922
2024-11-22,116.8122
2024-11-25,117.3222
2024-11-26,117.4022
2024-11-27,117.2522
2024-11-29,118.1622
2024-12-02,118.4222
2024-12-03,118.6222
2024-12-04,119.1222
2024-12-05,119.1422
2024-12-06,119.2922
2024-12-09,119.0422
2024-12-10,118.2622
2024-12-11,119.1922
2024-12-12,118.3622
2024-12-13,118.2222
2024-12-16,118.3822
2024-12-17,117.8722
2024-12-18,114.2822
2024-12-19,114.2622
2024-12-20,115.2096
2024-12-23,115.8596
2024-12-24,116.7996
2024-12-26,116.9396
2024-12-27,115.9996
2024-12-30,114.8496
2024-12-31,114.5796
2025-01-02,114.3396
2025-01-03,115.5496
2025-01-06,116.2796
2025-01-07,115.1096
2025-01-08,115.1496
2025-01-10,113.2596
2025-01-13,113.2996
2025-01-14,113.6996
2025-01-15,115.4796
2025-01-16,115.5896
2025-01-17,116.5796
2025-01-21,118.0296
2025-01-22,118.3396
2025-01-23,118.9896
2025-01-24,118.9996
2025-01-27,117.6096
2025-01-28,118.3896
2025-01-29,118.0196
2025-01-30,119.0396
2025-01-31,118.1696
2025-02-03,117.2196
2025-02-04,118.3396
2025-02-05,118.9796
2025-02-06,119.3796
2025-02-07,118.3896
2025-02-10,119.1896
2025-02-11,119.2596
2025-02-12,119.1396
2025-02-13,120.4596
2025-02-14,120.5896
2025-02-18,121.0696
2025-02-19,120.9196
2025-02-20,120.7496
2025-02-21,119.0096
2025-02-24,118.4096
2025-02-25,118.2696
2025-02-26,118.4496
2025-02-27,116.6196
2025-02-28,117.6696
2025-03-03,116.3896
2025-03-04,115.5196
2025-03-05,117.4796
2025-03-06,115.6896
2025-03-07,116.4396
2025-03-10,113.3996
2025-03-11,112.9296
2025-03-12,113.5596
2025-03-13,112.1796
2025-03-14,114.5696
2025-03-17,115.7396
2025-03-18,114.8896
2025-03-19,115.8596
2025-03-20,115.3496
2025-03-21,115.0848
2025-03-24,116.5748
2025-03-25,116.8048
2025-03-26,115.5048
2025-03-27,115.3748
2025-03-28,113.3048
2025-03-31,113.4348
2025-04-01,113.8148
2025-04-02,114.5048
2025-04-03,109.8848
2025-04-04,103.1848
2025-04-07,101.9148
2025-04-08,100.6448
2025-04-09,109.4648
2025-04-10,106.3448
2025-04-11,108.5948
2025-04-14,109.6448
2025-04-15,109.7548
2025-04-16,108.0848
2025-04-17,108.6648
2025-04-21,106.9448
2025-04-22,109.3348
2025-04-23,110.7648
2025-04-24,112.7348
2025-04-25,113.2848
2025-04-28,113.6148
2025-04-29,114.1448
2025-04-30,114.0848
2025-05-01,114.5048
2025-05-02,116.5448
2025-05-05,116.2848
2025-05-06,115.6148
2025-05-07,115.6948
2025-05-08,116.1048
2025-05-09,116.2748
2025-05-12,119.2148
2025-05-13,119.8148
2025-05-14,119.8148
2025-05-15,120.5048
2025-05-16,121.1048
2025-05-19,121.4448
2025-05-20,121.3148
2025-05-21,119.7648
2025-05-22,119.6748
2025-05-23,119.3948
2025-05-27,121.3748
2025-05-28,120.5248
2025-05-29,121.0248
2025-05-30,120.8548
2025-06-02,121.6748
2025-06-03,121.9948
2025-06-04,122.2848
2025-06-05,121.9448
2025-06-06,122.9148
2025-06-09,123.1248
2025-06-10,123.7248
2025-06-11,123.4848
2025-06-12,124.0248
2025-06-13,122.4348
2025-06-16,123.5248
2025-06-17,122.2948
2025-06-18,122.3648
2025-06-20,121.8195
2025-06-23,122.9995
2025-06-24,124.5695
2025-06-25,124.3495
2025-06-26,125.5295
2025-06-27,126.0795
2025-06-30,126.5995
2025-07-01,126.6095
2025-07-02,127.1895
2025-07-03,127.8695
2025-07-07,126.6895
2025-07-08,126.9595
2025-07-09,127.7295
2025-07-10,127.9695
2025-07-11,127.3195
2025-07-14,127.5495
2025-07-15,126.8895
2025-07-16,127.3995
2025-07-17,128.0595
2025-07-18,127.9495
2025-07-21,128.2695
2025-07-22,128.6295
2025-07-23,130.1295
2025-07-24,129.7795
2025-07-25,130.0595
2025-07-28,129.3995
2025-07-29,129.1595
2025-07-30,128.6995
2025-07-31,128.0095
2025-08-01,126.4895
2025-08-04,128.2895
2025-08-05,128.0295
2025-08-06,128.8795
2025-08-07,129.1195
2025-08-08,129.8895
2025-08-11,129.5395
2025-08-12,131.1095
2025-08-13,131.7795
2025-08-14,131.4595
2025-08-15,131.4595
2025-08-18,131.5295
2025-08-19,130.9195
2025-08-20,130.7495
2025-08-21,130.2695
2025-08-22,132.5295
2025-08-25,131.6495
2025-08-26,131.9995
2025-08-27,132.0595
2025-08-28,132.5895
2025-08-29,131.8495
2025-09-02,130.8895
2025-09-03,131.3795
2025-09-04,132.3295
2025-09-05,132.4595
2025-09-08,133.1895
2025-09-09,133.3195
2025-09-10,133.6095
2025-09-11,134.9495
2025-09-12,134.6795
2025-09-15,135.4495
2025-09-16,135.3995
2025-09-17,135.1995
2025-09-18,135.8395
2025-09-19,136.0276
2025-09-22,136.5876
2025-09-23,136.0676
2025-09-24,135.4476
2025-09-25,134.6776
2025-09-26,135.4176
2025-09-29,135.9376
2025-09-30,136.3576
2025-10-01,137.0676
2025-10-02,137.2676
2025-10-03,137.6376
2025-10-06,138.1376
2025-10-07,137.2776
2025-10-08,138.0276
2025-10-09,137.2976
2025-10-10,133.7176
2025-10-13,135.8776
2025-10-14,135.8076
2025-10-15,136.5776
2025-10-16,136.2076
2025-10-17,136.6376
2025-10-20,138.0076
2025-10-21,137.6476
2025-10-22,137.0476
2025-10-23,137.9576
2025-10-24,138.8376
2025-10-27,140.2376
2025-10-28,140.3376
2025-10-29,140.1476
2025-10-30,138.8976
2025-10-31,139.1476
2025-11-03,139.3176
2025-11-04,137.5476
2025-11-05,138.3076
2025-11-06,137.0576
2025-11-07,137.3876
2025-11-10,139.3276
2025-11-11,139.7076
2025-11-12,140.0476
2025-11-13,137.8476
2025-11-14,137.7976
2025-11-17,136.2676
2025-11-18,135.2376
2025-11-19,135.3776
2025-11-20,133.2876
2025-11-21,134.7076
2025-11-24,136.3576
2025-11-25,137.6376
2025-11-26,138.7776
2025-11-28,139.4476
2025-12-01,138.7776
2025-12-02,139.0376
2025-12-03,139.6176
2025-12-04,139.8376
2025-12-05,140.1176
2025-12-08,139.6876
2025-12-09,139.5276
2025-12-10,140.7276
2025-12-11,141.1176
2025-12-12,139.7776
2025-12-15,139.7776
2025-12-16,139.2376
2025-12-17,137.9476
2025-12-18,138.9976
2025-12-19,140.1728
2025-12-22,141.0128
2025-12-23,141.6828
2025-12-24,142.0328
2025-12-26,142.1728
2025-12-29,141.6828
2025-12-30,141.6528
2025-12-31,140.7328
2026-01-02,141.7728
2026-01-05,142.9728
2026-01-06,143.8128
2026-01-07,143.2128
2026-01-08,143.3128
2026-01-09,144.2628
2026-01-12,144.9128
2026-01-13,144.3728
2026-01-14,144.2728
2026-01-15,144.6028
2026-01-16,144.6028
2026-01-20,142.1228
2026-01-21,143.7928
2026-01-22,144.5928
2026-01-23,144.8728
2026-01-26,145.5128
2026-01-27,146.7228
2026-01-28,146.4728
2026-01-29,146.3928
2026-01-30,145.1228
2026-02-02,145.8228
2026-02-03,145.2828
2026-02-04,144.8028
2026-02-05,143.0428
2026-02-06,146.1328
2026-02-09,147.3428
2026-02-10,147.2528
2026-02-11,147.6528
2026-02-12,145.6328
2026-02-13,146.0128
2026-02-17,145.9628
2026-02-18,146.6828
2026-02-19,146.3528
2026-02-20,147.6228
2026-02-23,146.3228
2026-02-24,147.3728
2026-02-25,148.5828
2026-02-26,148.0728
2026-02-27,147.5128
2026-03-02,146.6228
2026-03-03,143.7128
2026-03-04,144.9328
2026-03-05,143.2428
2026-03-06,141.6028
2026-03-09,142.9128
2026-03-10,142.8928
2026-03-11,142.7128
2026-03-12,140.2228
2026-03-13,139.1928
2026-03-16,141.1628
2026-03-17,141.6928
2026-03-18,139.4928
2026-03-19,139.2228
2026-03-20,136.32
2026-03-23,138.6
2026-03-24,137.9
2026-03-25,139.17
2026-03-26,136.44
2026-03-27,134.62
2026-03-30,134.19
2026-03-31,138.32
2026-04-01,139.69
2026-04-02,139.37
